ID,MATCH TO INCHIKEY1,NAME,DEFINITION,STAR,SECONDARY ID,SYNONYM,IUPAC NAME,INN,BRAND NAME,FORMULA,MASS,MONOISOTOPIC MASS,CHARGE,SMILES,INCHI,INCHIKEY,INCHIKEY1,BEILSTEIN REGISTRY NUMBER,CAS REGISTRY NUMBER,GMELIN REGISTRY NUMBER,REAXYS REGISTRY NUMBER,BPDB ACCESSION,CHEMIDPLUS,DRUGBANK ACCESSION,DRUGCENTRAL ACCESSION,ECMDB ACCESSION,GLYTOUCAN ACCESSION,GLYGEN ACCESSION,HMDB ACCESSION,KEGG COMPOUND ACCESSION,KEGG DRUG ACCESSION,KEGG GLYCAN ACCESSION,KNApSAcK ACCESSION,LINCS ACCESSION,LIPID MAPS INSTANCE ACCESSION,LIPID MAPS CLASS ACCESSION,METACYC ACCESSION,MOLBASE ACCESSION,NIST CHEMISTRY WEBBOOK,PDB ACCESSION,PDBECHEM ACCESSION,PESTICIDES ACCESSION,PPDB ACCESSION,SMID ACCESSION,VSDB ACCESSION,WEBELEMENTS ACCESSION,WIKIPEDIA ACCESSION,YMDB ACCESSION,AGRICOLA CITATION,CHINESE ABSTRACTS CITATION,CITEXPLORE CITATION,PUBMED CENTRAL CITATION,PUBMED CITATION
CHEBI:83057,,Daphnia metabolite,"A crustacean metabolite produced by the genus of small planktonic arthropods, Daphnia",3,,Daphnia metabolites,,,,,,,,,,,,,,,,,,,,,,,,,,,,,,,,,,,,,,,,,Daphnia,,,,,,
CHEBI:83038,,Daphnia galeata metabolite,A Daphnia metabolite produced by the species Daphnia galeata.,3,,Daphnia galeata metabolites,,,,,,,,,,,,,,,,,,,,,,,,,,,,,,,,,,,,,,,,,,,,,,,
CHEBI:83056,,Daphnia magna metabolite,A Daphnia metabolite produced by the species Daphnia magna.,3,,Daphnia magna metabolites,,,,,,,,,,,,,,,,,,,,,,,,,,,,,,,,,,,,,,,,,,,,,,,
CHEBI:83075,,Daphnia pulex metabolite,A Daphnia metabolite produced by the species Daphnia pulex.,3,,Daphnia pulex metabolites,,,,,,,,,,,,,,,,,,,,,,,,,,,,,,,,,,,,,,,,,,,,,,,
CHEBI:83146,,Daphnia tenebrosa metabolite,A Daphnia metabolite produced by the species Daphnia tenebrosa.,3,,Daphnia tenebrosa metabolites,,,,,,,,,,,,,,,,,,,,,,,,,,,,,,,,,,,,,,,,,,,,,,,
CHEBI:32528,,turanose,A glycosylfructose isolated from Daphnia magna.,3,,D-Turanose; D-(+)-Turanose; alpha-D-Glcp-(1->3)-D-Fru; 3-O-alpha-D-glucopyranosyl-D-fructose,alpha-D-glucopyranosyl-(1->3)-D-fructose,,,C12H22O11,342.2965,342.1162,0,[H][C@@](O)(CO)[C@@]([H])(O)[C@]([H])(O[C@H]1O[C@H](CO)[C@@H](O)[C@H](O)[C@H]1O)C(=O)CO,"InChI=1S/C12H22O11/c13-1-4(16)7(18)11(5(17)2-14)23-12-10(21)9(20)8(19)6(3-15)22-12/h4,6-16,18-21H,1-3H2/t4-,6-,7-,8-,9+,10-,11-,12-/m1/s1",RULSWEULPANCDV-PIXUTMIVSA-N,RULSWEULPANCDV,,547-25-1,,,,547-25-1,,,,,,,,,,,,,,,,,,,,,,,,,,,,,,
CHEBI:83011,,"(2S)-2,6-dimethylheptyl sulfate","The (S)-enantiomer of 2,6-dimethylheptyl sulfate. It has been isolated from Daphnia pulex.",3,,,,,,C9H19O4S,223.31,223.101,-1,CC(C)CCC[C@H](C)COS([O-])(=O)=O,"InChI=1S/C9H20O4S/c1-8(2)5-4-6-9(3)7-13-14(10,11)12/h8-9H,4-7H2,1-3H3,(H,10,11,12)/p-1/t9-/m0/s1",LICTUMJMBMBMQH-VIFPVBQESA-M,LICTUMJMBMBMQH,,,,,,,,,,,,,,,,,,,,,,,,,,,,,,,,,,,,16462083
CHEBI:83012,,"(2R)-2,6-dimethylheptyl sulfate","The (R)-enantiomer of 2,6-dimethylheptyl sulfate. It has been isolated from Daphnia pulex.",3,,,"(2R)-2,6-dimethylheptyl sulfate",,,C9H19O4S,223.31,223.101,-1,CC(C)CCC[C@@H](C)COS([O-])(=O)=O,"InChI=1S/C9H20O4S/c1-8(2)5-4-6-9(3)7-13-14(10,11)12/h8-9H,4-7H2,1-3H3,(H,10,11,12)/p-1/t9-/m1/s1",LICTUMJMBMBMQH-SECBINFHSA-M,LICTUMJMBMBMQH,,,,8691836,,,,,,,,,,,,,,,,,,,,,,,,,,,,,,,,16462083
CHEBI:83022,,glucosyltestosterone,A steroid saponin that is the Î±-D-glucopyranosyl derivative of testosterone. It has been found in Daphnia magna.,3,,,(17beta)-3-oxoandrost-4-en-17-yl alpha-D-glucopyranoside,,,C25H38O7,450.565,450.2618,0,C[C@]12CC[C@H]3[C@@H](CCC4=CC(=O)CC[C@]34C)[C@@H]1CC[C@@H]2O[C@H]1O[C@H](CO)[C@@H](O)C(O)C1O,"InChI=1S/C25H38O7/c1-24-9-7-14(27)11-13(24)3-4-15-16-5-6-19(25(16,2)10-8-17(15)24)32-23-22(30)21(29)20(28)18(12-26)31-23/h11,15-23,26,28-30H,3-10,12H2,1-2H3/t15-,16-,17-,18+,19-,20+,21?,22?,23+,24-,25-/m0/s1",WJHHVCCYLJBCAD-NNCWXHGPSA-N,WJHHVCCYLJBCAD,,,,,,,,,,,,,,,,,,,,,,,,,,,,,,,,,,,,
CHEBI:83030,,"(4Z,7Z,10Z,13Z)-hexadeca-4,7,10,13-tetraenoic acid","A polyunsaturated fatty acid that is hexadecanoic acid with unsaturation at positions 4, 7, 10 and 13. It is found in Daphnia galeata.",3,,,,,,C16H24O2,248.3606,248.1776,0,CC\C=C/C\C=C/C\C=C/C\C=C/CCC(O)=O,"InChI=1S/C16H24O2/c1-2-3-4-5-6-7-8-9-10-11-12-13-14-15-16(17)18/h3-4,6-7,9-10,12-13H,2,5,8,11,14-15H2,1H3,(H,17,18)/b4-3-,7-6-,10-9-,13-12-",IVTCJQZAGWTMBZ-LTKCOYKYSA-N,IVTCJQZAGWTMBZ,,,,1961728,,,,,,,,,,,,,,,,,,,,,,,,,,,,,,,,
CHEBI:83025,,2alpha-hydroxytestosterone,An androstanoid that is testosterone substituted by a Î±-hydroxy group at position 2. A natural product found in Daphnia magna exposed to the biocide tributyltin.,3,,"2-alpha,17-beta-dihydroxyandrost-4-en-3-one","2alpha,17beta-dihydroxyandrost-4-en-3-one",,,C19H28O3,304.4238,304.2038,0,C[C@]12CC[C@H]3[C@@H](CCC4=CC(=O)[C@H](O)C[C@]34C)[C@@H]1CC[C@@H]2O,"InChI=1S/C19H28O3/c1-18-8-7-14-12(13(18)5-6-17(18)22)4-3-11-9-15(20)16(21)10-19(11,14)2/h9,12-14,16-17,21-22H,3-8,10H2,1-2H3/t12-,13-,14-,16+,17-,18-,19-/m0/s1",ZOIPFFUVGMVQGE-DTQPDNRZSA-N,ZOIPFFUVGMVQGE,,,,2625793,,,,,,,,,,,,,,,,,,,,,,,,,,,,,,,,10245; 15372139
CHEBI:83027,,16beta-hydroxytestosterone,An androstanoid that is testosterone substituted by a Î²-hydroxy group at position 16. A natural product found in Daphnia magna exposed to the biocide tributyltin.,3,,"16-beta,17-beta-dihydroxyandrost-4-en-3-one","16beta,17beta-dihydroxyandrost-4-en-3-one",,,C19H28O3,304.4238,304.2038,0,C[C@]12CC[C@H]3[C@@H](CCC4=CC(=O)CC[C@]34C)[C@@H]1C[C@H](O)[C@@H]2O,"InChI=1S/C19H28O3/c1-18-7-5-12(20)9-11(18)3-4-13-14(18)6-8-19(2)15(13)10-16(21)17(19)22/h9,13-17,21-22H,3-8,10H2,1-2H3/t13-,14+,15+,16+,17+,18+,19+/m1/s1",YMCWOAZGWMZGQT-KYQPOWKGSA-N,YMCWOAZGWMZGQT,,,,2625788,,,,,,,,,,,,,,,,,,,,,,,,,,,,,,,,9419269
CHEBI:83017,WSBCIWCIAPMFLY,(3Z)-dec-3-en-1-yl sulfate,"An organosulfate oxoanion that is the conjugate base of (3Z)-dec-3-en-1-yl hydrogen sulfate. Isolated from Daphnia pulex, it induces morphological changes of phytoplankton Scenedesmus gutwinskii.",3,,,(3Z)-dec-3-en-1-yl sulfate,,,C10H19O4S,235.321,235.101,-1,CCCCCC\C=C/CCOS([O-])(=O)=O,"InChI=1S/C10H20O4S/c1-2-3-4-5-6-7-8-9-10-14-15(11,12)13/h7-8H,2-6,9-10H2,1H3,(H,11,12,13)/p-1/b8-7-",WSBCIWCIAPMFLY-FPLPWBNLSA-M,WSBCIWCIAPMFLY,,,,10009788,,,,,,,,,,,,,,,,,,,,,,,,,,,,,,,,
CHEBI:83018,HHHCTRTWEMFDIL,"(3Z,6Z)-dodeca-3,6-dien-1-yl sulfate","An organosulfate oxoanion that is the conjugate base of (3Z,6Z)-dodeca-3,6-dien-1-yl hydrogen sulfate. Isolated from Daphnia pulex, it induces morphological changes of phytoplankton Scenedesmus gutwinskii.",3,,,"(3Z,6Z)-dodeca-3,6-dien-1-yl sulfate",,,C12H21O4S,261.358,261.1166,-1,CCCCC\C=C/C\C=C/CCOS([O-])(=O)=O,"InChI=1S/C12H22O4S/c1-2-3-4-5-6-7-8-9-10-11-12-16-17(13,14)15/h6-7,9-10H,2-5,8,11-12H2,1H3,(H,13,14,15)/p-1/b7-6-,10-9-",HHHCTRTWEMFDIL-HZJYTTRNSA-M,HHHCTRTWEMFDIL,,,,10014403,,,,,,,,,,,,,,,,,,,,,,,,,,,,,,,,
CHEBI:83019,MRKQZIXMEQPHNQ,"(3Z,6Z,9Z)-dodeca-3,6,9-trien-1-yl sulfate","An organosulfate oxoanion that is the conjugate base of (3Z,6Z,9Z)-dodeca-3,6,9-trien-1-yl hydrogen sulfate. Isolated from Daphnia pulex, it induces morphological changes of phytoplankton Scenedesmus gutwinskii.",3,,,"(3Z,6Z,9Z)-dodeca-3,6,9-trien-1-yl sulfate",,,C12H19O4S,259.342,259.101,-1,CC\C=C/C\C=C/C\C=C/CCOS([O-])(=O)=O,"InChI=1S/C12H20O4S/c1-2-3-4-5-6-7-8-9-10-11-12-16-17(13,14)15/h3-4,6-7,9-10H,2,5,8,11-12H2,1H3,(H,13,14,15)/p-1/b4-3-,7-6-,10-9-",MRKQZIXMEQPHNQ-PDBXOOCHSA-M,MRKQZIXMEQPHNQ,,,,10014404,,,,,,,,,,,,,,,,,,,,,,,,,,,,,,,,
CHEBI:83031,,"(2Z,5Z,8Z,11Z,14Z,17Z)-icosa-2,5,8,11,14,17-hexaenoic acid","A polyunsaturated fatty acid that is icosanoic acid having unsaturation at positions 2, 5, 8, 11, 14 and 17. It has been found in Daphnia galeata.",3,,,"(2Z,5Z,8Z,11Z,14Z,17Z)-icosa-2,5,8,11,14,17-hexaenoic acid",,,C20H28O2,300.4351,300.2089,0,CC\C=C/C\C=C/C\C=C/C\C=C/C\C=C/C\C=C/C(O)=O,"InChI=1S/C20H28O2/c1-2-3-4-5-6-7-8-9-10-11-12-13-14-15-16-17-18-19-20(21)22/h3-4,6-7,9-10,12-13,15-16,18-19H,2,5,8,11,14,17H2,1H3,(H,21,22)/b4-3-,7-6-,10-9-,13-12-,16-15-,19-18-",GGLBNABMJBBTJP-KUBAVDMBSA-N,GGLBNABMJBBTJP,,,,,,,,,,,,,,,,,,,,,,,,,,,,,,,,,,,,
CHEBI:82991,,7-methyloctyl sulfate,An organosulfate oxoanion that is the conjugate base of 7-methyloctyl hydrogen sulfate. It has been isolated from Daphnia pulex and has been shown to cause morphological changes in the green alga Scenedesmus gutwinskii.,3,,,7-methyloctyl sulfate,,,C9H19O4S,223.31,223.101,-1,CC(C)CCCCCCOS([O-])(=O)=O,"InChI=1S/C9H20O4S/c1-9(2)7-5-3-4-6-8-13-14(10,11)12/h9H,3-8H2,1-2H3,(H,10,11,12)/p-1",ARACXKCAGMFROY-UHFFFAOYSA-M,ARACXKCAGMFROY,,,,15864345,,,,,,,,,,,,,,,,,,,,,,,,,,,,,,,,18175994
CHEBI:82992,WSBCIWCIAPMFLY,(3E)-dec-3-en-1-yl sulfate,An organosulfate oxoanion that is the conjugate base of (3E)-dec-3-en-1-yl hydrogen sulfate. It has been isolated from Daphnia pulex and has been shown to cause morphological changes in the green alga Scenedesmus gutwinskii.,3,,,(3E)-dec-3-en-1-yl sulfate,,,C10H19O4S,235.321,235.101,-1,CCCCCC\C=C\CCOS([O-])(=O)=O,"InChI=1S/C10H20O4S/c1-2-3-4-5-6-7-8-9-10-14-15(11,12)13/h7-8H,2-6,9-10H2,1H3,(H,11,12,13)/p-1/b8-7+",WSBCIWCIAPMFLY-BQYQJAHWSA-M,WSBCIWCIAPMFLY,,,,5528854,,,,,,,,,,,,,,,,,,,,,,,,,,,,,,,,18175994
CHEBI:82993,,(3Z)-9-methyldec-3-en-1-yl sulfate,An organosulfate oxoanion that is the conjugate base of (3Z)-9-methyldec-3-en-1-yl hydrogen sulfate. It has been isolated from Daphnia pulex and has been shown to cause morphological changes in the green alga Scenedesmus gutwinskii.,3,,,(3Z)-9-methyldec-3-en-1-yl sulfate,,,C11H21O4S,249.348,249.1166,-1,CC(C)CCCC\C=C/CCOS([O-])(=O)=O,"InChI=1S/C11H22O4S/c1-11(2)9-7-5-3-4-6-8-10-15-16(12,13)14/h4,6,11H,3,5,7-10H2,1-2H3,(H,12,13,14)/p-1/b6-4-",KFSZKAMIIWDKKZ-XQRVVYSFSA-M,KFSZKAMIIWDKKZ,,,,,,,,,,,,,,,,,,,,,,,,,,,,,,,,,,,,18175994
CHEBI:82994,IUFFPMSLKYCSDC,"(4Z,7Z)-deca-4,7-dien-1-yl sulfate","An organosulfate oxoanion that is the conjugate base of (4Z,7Z)-deca-4,7-dien-1-yl hydrogen sulfate. It has been isolated from Daphnia pulex and has been shown to cause morphological changes in the green alga Scenedesmus gutwinskii.",3,,,"(4Z,7Z)-deca-4,7-dien-1-yl sulfate",,,C10H17O4S,233.305,233.0853,-1,CC\C=C/C\C=C/CCCOS([O-])(=O)=O,"InChI=1S/C10H18O4S/c1-2-3-4-5-6-7-8-9-10-14-15(11,12)13/h3-4,6-7H,2,5,8-10H2,1H3,(H,11,12,13)/p-1/b4-3-,7-6-",IUFFPMSLKYCSDC-CWWKMNTPSA-M,IUFFPMSLKYCSDC,,,,15864348,,,,,,,,,,,,,,,,,,,,,,,,,,,,,,,,18175994
CHEBI:82995,OXZPGZPXSCUIQZ,(3Z)-dodec-3-en-1-yl sulfate,An organosulfate oxoanion that is the conjugate base of (3Z)-dodec-3-en-1-yl hydrogen sulfate. It has been isolated from Daphnia pulex and has been shown to cause morphological changes in the green alga Scenedesmus gutwinskii.,3,,,(3Z)-dodec-3-en-1-yl sulfate,,,C12H23O4S,263.374,263.1323,-1,CCCCCCCC\C=C/CCOS([O-])(=O)=O,"InChI=1S/C12H24O4S/c1-2-3-4-5-6-7-8-9-10-11-12-16-17(13,14)15/h9-10H,2-8,11-12H2,1H3,(H,13,14,15)/p-1/b10-9-",OXZPGZPXSCUIQZ-KTKRTIGZSA-M,OXZPGZPXSCUIQZ,,,,15864356,,,,,,,,,,,,,,,,,,,,,,,,,,,,,,,,18175994
CHEBI:82996,WBTJXIONXAFNAJ,(3Z)-dec-3-en-1-ylsulfamate,An organic sulfamate oxoanion that is the conjugate base of (3Z)-dec-3-en-1-ylsulfamic acid. It has been isolated from Daphnia pulex and has been shown to cause morphological changes in the green alga Scenedesmus gutwinskii.,3,,,(3Z)-dec-3-en-1-ylsulfamate,,,C10H20NO3S,234.336,234.1169,-1,CCCCCC\C=C/CCNS([O-])(=O)=O,"InChI=1S/C10H21NO3S/c1-2-3-4-5-6-7-8-9-10-11-15(12,13)14/h7-8,11H,2-6,9-10H2,1H3,(H,12,13,14)/p-1/b8-7-",WBTJXIONXAFNAJ-FPLPWBNLSA-M,WBTJXIONXAFNAJ,,,,15864351,,,,,,,,,,,,,,,,,,,,,,,,,,,,,,,,18175994
CHEBI:82997,DLEYFILNNFMARG,"(3Z,6Z)-dodeca-3,6-dien-1-ylsulfamate","An organic sulfamate oxoanion that is the conjugate base of (3Z,6Z)-dodeca-3,6-dien-1-ylsulfamic acid. It has been isolated from Daphnia pulex and has been shown to cause morphological changes in the green alga Scenedesmus gutwinskii.",3,,,"(3Z,6Z)-dodeca-3,6-dien-1-ylsulfamate",,,C12H22NO3S,260.374,260.1326,-1,CCCCC\C=C/C\C=C/CCNS([O-])(=O)=O,"InChI=1S/C12H23NO3S/c1-2-3-4-5-6-7-8-9-10-11-12-13-17(14,15)16/h6-7,9-10,13H,2-5,8,11-12H2,1H3,(H,14,15,16)/p-1/b7-6-,10-9-",DLEYFILNNFMARG-HZJYTTRNSA-M,DLEYFILNNFMARG,,,,15864355,,,,,,,,,,,,,,,,,,,,,,,,,,,,,,,,18175994
CHEBI:82998,,decylsulfamate,An organic sulfamate oxoanion that is the conjugate base of decylsulfamic acid. It has been isolated from Daphnia pulex and has been shown to cause morphological changes in the green alga Scenedesmus gutwinskii.,3,,,decylsulfamate,,,C10H22NO3S,236.352,236.1326,-1,CCCCCCCCCCNS([O-])(=O)=O,"InChI=1S/C10H23NO3S/c1-2-3-4-5-6-7-8-9-10-11-15(12,13)14/h11H,2-10H2,1H3,(H,12,13,14)/p-1",YTVRFBQKVFJIQD-UHFFFAOYSA-M,YTVRFBQKVFJIQD,,,,15864353,,,,,,,,,,,,,,,,,,,,,,,,,,,,,,,,18175994
CHEBI:82999,YOXPELHHBZBLIC,nonylsulfamate,An organic sulfamate oxoanion that is the conjugate base of nonylsulfamic acid. It has been isolated from Daphnia pulex and has been shown to cause morphological changes in the green alga Scenedesmus gutwinskii.,3,,,nonylsulfamate,,,C9H20NO3S,222.326,222.1169,-1,CCCCCCCCCNS([O-])(=O)=O,"InChI=1S/C9H21NO3S/c1-2-3-4-5-6-7-8-9-10-14(11,12)13/h10H,2-9H2,1H3,(H,11,12,13)/p-1",YOXPELHHBZBLIC-UHFFFAOYSA-M,YOXPELHHBZBLIC,,,,15864352,,,,,,,,,,,,,,,,,,,,,,,,,,,,,,,,18175994
CHEBI:83000,OGEUVWJPDIDHBN,octylsulfamate,An organic sulfamate oxoanion that is the conjugate base of octylsulfamic acid. It has been isolated from Daphnia pulex and has been shown to cause morphological changes in the green alga Scenedesmus gutwinskii.,3,,,octylsulfamate,,,C8H18NO3S,208.299,208.1013,-1,CCCCCCCCNS([O-])(=O)=O,"InChI=1S/C8H19NO3S/c1-2-3-4-5-6-7-8-9-13(10,11)12/h9H,2-8H2,1H3,(H,10,11,12)/p-1",OGEUVWJPDIDHBN-UHFFFAOYSA-M,OGEUVWJPDIDHBN,,,,6582419,,,,,,,,,,,,,,,,,,,,,,,,,,,,,,,,18175994
CHEBI:83001,,(9-methyldecyl)sulfamate,An organic sulfamate oxoanion that is the conjugate base of (9-methyldecyl)sulfamic acid. It has been isolated from Daphnia pulex and has been shown to cause morphological changes in the green alga Scenedesmus gutwinskii.,3,,,(9-methyldecyl)sulfamate,,,C11H24NO3S,250.379,250.1482,-1,CC(C)CCCCCCCCNS([O-])(=O)=O,"InChI=1S/C11H25NO3S/c1-11(2)9-7-5-3-4-6-8-10-12-16(13,14)15/h11-12H,3-10H2,1-2H3,(H,13,14,15)/p-1",GAYAKNYWWOBJHZ-UHFFFAOYSA-M,GAYAKNYWWOBJHZ,,,,15864354,,,,,,,,,,,,,,,,,,,,,,,,,,,,,,,,18175994
CHEBI:83002,CKFWXMQZVRQAGT,(8-methylnonyl)sulfamate,An organic sulfamate oxoanion that is the conjugate base of (8-methylnonyl)sulfamic acid. It has been isolated from Daphnia pulex and has been shown to cause morphological changes in the green alga Scenedesmus gutwinskii.,3,,,(8-methylnonyl)sulfamate,,,C10H22NO3S,236.352,236.1326,-1,CC(C)CCCCCCCNS([O-])(=O)=O,"InChI=1S/C10H23NO3S/c1-10(2)8-6-4-3-5-7-9-11-15(12,13)14/h10-11H,3-9H2,1-2H3,(H,12,13,14)/p-1",CKFWXMQZVRQAGT-UHFFFAOYSA-M,CKFWXMQZVRQAGT,,,,15864350,,,,,,,,,,,,,,,,,,,,,,,,,,,,,,,,18175994
CHEBI:83003,WRAOMSYSAAAQTR,(7-methyloctyl)sulfamate,An organic sulfamate oxoanion that is the conjugate base of (7-methyloctyl)sulfamic acid. It has been isolated from Daphnia pulex and has been shown to cause morphological changes in the green alga Scenedesmus gutwinskii.,3,,,(7-methyloctyl)sulfamate,,,C9H20NO3S,222.326,222.1169,-1,CC(C)CCCCCCNS([O-])(=O)=O,"InChI=1S/C9H21NO3S/c1-9(2)7-5-3-4-6-8-10-14(11,12)13/h9-10H,3-8H2,1-2H3,(H,11,12,13)/p-1",WRAOMSYSAAAQTR-UHFFFAOYSA-M,WRAOMSYSAAAQTR,,,,15864347,,,,,,,,,,,,,,,,,,,,,,,,,,,,,,,,18175994
CHEBI:83014,,"(4R)-4,8-dimethylnonyl sulfate","An organosulfate oxoanion that is the conjugate base of (4R)-4,8-dimethylnonyl hydrogen sulfate. It has been isolated from Daphnia pulex and has been found to induce morphological changes in the phytoplankton, Scenedesmus gutwinskii.",3,,,"(4R)-4,8-dimethylnonyl sulfate",,,C11H23O4S,251.363,251.1323,-1,CC(C)CCC[C@@H](C)CCCOS([O-])(=O)=O,"InChI=1S/C11H24O4S/c1-10(2)6-4-7-11(3)8-5-9-15-16(12,13)14/h10-11H,4-9H2,1-3H3,(H,12,13,14)/p-1/t11-/m1/s1",FCHHMBXKFHPMFQ-LLVKDONJSA-M,FCHHMBXKFHPMFQ,,,,15883652,,,,,,,,,,,,,,,,,,,,,,,,,,,,,,,,18175993
CHEBI:83015,QNUMXENJPAUAPZ,"(3S,4E)-3-methyldec-4-en-1-yl sulfate","An organosulfate oxoanion that is the conjugate base of (3S,4E)-3-methyldec-4-en-1-yl hydrogen sulfate. It has been isolated from Daphnia pulex and has been found to induce morphological changes in the phytoplankton, Scenedesmus gutwinskii.",3,,,"(3S,4E)-3-methyldec-4-en-1-yl sulfate",,,C11H21O4S,249.348,249.1166,-1,CCCCC\C=C\[C@@H](C)CCOS([O-])(=O)=O,"InChI=1S/C11H22O4S/c1-3-4-5-6-7-8-11(2)9-10-15-16(12,13)14/h7-8,11H,3-6,9-10H2,1-2H3,(H,12,13,14)/p-1/b8-7+/t11-/m1/s1",QNUMXENJPAUAPZ-WSKFYRRCSA-M,QNUMXENJPAUAPZ,,,,15883653,,,,,,,,,,,,,,,,,,,,,,,,,,,,,,,,18175993
CHEBI:83004,MSYMKWFPUGGDGX,"(2S)-1-O-(7Z,10Z,13Z)-hexadecatrienoyl-2-O-(7Z,10Z)-hexadecadienoyl-3-O-beta-D-galactopyranosyl-sn-glycerol","A galactoglycerolipid that consists of 1,2-diacyl-sn-glycerol having (7Z,10Z,13Z)-hexadecatrienoyl and (7Z,10Z)-hexadecadienoyl as the acyl groups and a Î²-D-galactopyranosyl residue attached at position 3. It has been found in Daphnia pulex and exhibits cytotoxic activity.",3,,,"(2S)-3-(beta-D-galactopyranosyloxy)-2-[(7Z,10Z)-hexadeca-7,10-dienoyloxy]propyl (7Z,10Z,13Z)-hexadeca-7,10,13-trienoate",,,C41H68O10,720.9726,720.4813,0,CCCCC\C=C/C\C=C/CCCCCC(=O)O[C@@H](CO[C@@H]1O[C@H](CO)[C@H](O)[C@H](O)[C@H]1O)COC(=O)CCCCC\C=C/C\C=C/C\C=C/CC,"InChI=1S/C41H68O10/c1-3-5-7-9-11-13-15-17-19-21-23-25-27-29-36(43)48-32-34(33-49-41-40(47)39(46)38(45)35(31-42)51-41)50-37(44)30-28-26-24-22-20-18-16-14-12-10-8-6-4-2/h5,7,11-14,17-20,34-35,38-42,45-47H,3-4,6,8-10,15-16,21-33H2,1-2H3/b7-5-,13-11-,14-12-,19-17-,20-18-/t34-,35-,38+,39+,40-,41-/m1/s1",MSYMKWFPUGGDGX-BMSHVPQGSA-N,MSYMKWFPUGGDGX,,,,,,,,,,,,,,,,,,,,,,,,,,,,,,,,,,,,
CHEBI:83005,KWCKKXIJZWQRPH,"(2S)-1-O-(7Z,10Z)-hexadecadienoyl-2-O-(7Z,10Z)-hexadecadienoyl-3-O-beta-D-galactopyranosyl-sn-glycerol","A galactoglycerolipid that consists of 1,2-diacyl-sn-glycerol having two (7Z,10Z)-hexadecadienoyl as the acyl groups and a Î²-D-galactopyranosyl residue attached at position 3. It has been found in Daphnia pulex and exhibits cytotoxic activity.",3,,,"(2S)-3-(beta-D-galactopyranosyloxy)propane-1,2-diyl (7Z,10Z,7'Z,10'Z)bis-hexadeca-7,10-dienoate",,,C41H70O10,722.9885,722.4969,0,CCCCC\C=C/C\C=C/CCCCCC(=O)OC[C@H](CO[C@@H]1O[C@H](CO)[C@H](O)[C@H](O)[C@H]1O)OC(=O)CCCCC\C=C/C\C=C/CCCCC,"InChI=1S/C41H70O10/c1-3-5-7-9-11-13-15-17-19-21-23-25-27-29-36(43)48-32-34(33-49-41-40(47)39(46)38(45)35(31-42)51-41)50-37(44)30-28-26-24-22-20-18-16-14-12-10-8-6-4-2/h11-14,17-20,34-35,38-42,45-47H,3-10,15-16,21-33H2,1-2H3/b13-11-,14-12-,19-17-,20-18-/t34-,35-,38+,39+,40-,41-/m1/s1",KWCKKXIJZWQRPH-YANVFIFYSA-N,KWCKKXIJZWQRPH,,,,7403326,,,,,,,,,,,,,,,,,,,,,,,,,,,,,,,,
CHEBI:83006,DJVQAKQVQXIHEL,"(2S)-1-O-(7Z,10Z)-hexadecadienoyl-2-O-linoleoyl-3-O-beta-D-galactopyranosyl-sn-glycerol","A galactoglycerolipid that consists of 1,2-diacyl-sn-glycerol having (7Z,10Z)-hexadecadienoyl and linoleoyl as the acyl groups and a Î²-D-galactopyranosyl residue attached at position 3. It has been found in Daphnia pulex and exhibits cytotoxic activity.",3,,,"(2S)-3-(beta-D-galactopyranosyloxy)-2-[(7Z,10Z)-hexadeca-7,10-dienoyloxy]propyl (9Z,12Z)-octadeca-9,12-dienoate",,,C43H74O10,751.0417,750.5282,0,CCCCC\C=C/C\C=C/CCCCCCCC(=O)OC[C@H](CO[C@@H]1O[C@H](CO)[C@H](O)[C@H](O)[C@H]1O)OC(=O)CCCCC\C=C/C\C=C/CCCCC,"InChI=1S/C43H74O10/c1-3-5-7-9-11-13-15-17-18-20-21-23-25-27-29-31-38(45)50-34-36(35-51-43-42(49)41(48)40(47)37(33-44)53-43)52-39(46)32-30-28-26-24-22-19-16-14-12-10-8-6-4-2/h11-14,17-19,22,36-37,40-44,47-49H,3-10,15-16,20-21,23-35H2,1-2H3/b13-11-,14-12-,18-17-,22-19-/t36-,37-,40+,41+,42-,43-/m1/s1",DJVQAKQVQXIHEL-UILGYWMGSA-N,DJVQAKQVQXIHEL,,,,7403672,,,,,,,,,,,,,,,,,,,,,,,,,,,,,,,,
CHEBI:83007,,"(2S)-1-O-(9Z,12Z)-octadecadienoyl-2-O-(7Z,10Z)-hexadecadienoyl-3-O-(alpha-D-galactopyranosyl(1->6)-beta-D-galactopyranosyl)-sn-glycerol","A galactoglycerolipid that consists of 1,2-diacyl-sn-glycerol having (7Z,10Z)-hexadecadienoyl and linoleoyl as the acyl groups and a 6-O-(Î±-D-galactopyranosyl)-Î²-D-galactopyranosyl residue attached at position 3. It has been found in Daphnia pulex and exhibits cytotoxic activity.",3,,,"(2S)-3-{[6-O-(alpha-D-galactopyranosyl)-beta-D-galactopyranosyl]oxy}-2-[(7Z,10Z)-hexadeca-7,10-dienoyloxy]propyl (9Z,12Z)-octadeca-9,12-dienoate",,,C49H84O15,913.1823,912.581,0,CCCCC\C=C/C\C=C/CCCCCCCC(=O)OC[C@H](CO[C@@H]1O[C@H](CO[C@H]2O[C@H](CO)[C@H](O)[C@H](O)[C@H]2O)[C@H](O)[C@H](O)[C@H]1O)OC(=O)CCCCC\C=C/C\C=C/CCCCC,"InChI=1S/C49H84O15/c1-3-5-7-9-11-13-15-17-18-20-21-23-25-27-29-31-40(51)59-34-37(62-41(52)32-30-28-26-24-22-19-16-14-12-10-8-6-4-2)35-60-48-47(58)45(56)43(54)39(64-48)36-61-49-46(57)44(55)42(53)38(33-50)63-49/h11-14,17-19,22,37-39,42-50,53-58H,3-10,15-16,20-21,23-36H2,1-2H3/b13-11-,14-12-,18-17-,22-19-/t37-,38-,39-,42+,43+,44+,45+,46-,47-,48-,49+/m1/s1",MIALTXUVFRNKOW-PDHGYAATSA-N,MIALTXUVFRNKOW,,,,7406228,,,,,,,,,,,,,,,,,,,,,,,,,,,,,,,,
CHEBI:83020,CSMFSDCPJHNZRY,decyl sulfate,"An organosulfate oxoanion that is the conjugate base of decyl hydrogen sulfate. Isolated from Daphnia pulex, it induces morphological changes of phytoplankton Scenedesmus gutwinskii.",3,,decyl sulfate,decyl sulfate,,,C10H21O4S,237.337,237.1166,-1,CCCCCCCCCCOS([O-])(=O)=O,"InChI=1S/C10H22O4S/c1-2-3-4-5-6-7-8-9-10-14-15(11,12)13/h2-10H2,1H3,(H,11,12,13)/p-1",CSMFSDCPJHNZRY-UHFFFAOYSA-M,CSMFSDCPJHNZRY,,,,1876100,,,,,,,,,,,,,,,,,,,,,,,,,,,,,,,,22700234
CHEBI:83021,UZZYXUGECOQHPU,n-octyl sulfate,"An organosulfate oxoanion that is the conjugate base of octyl hydrogen sulfate. Isolated from Daphnia pulex, it induces morphological changes of phytoplankton Scenedesmus gutwinskii.",3,,octyl sulfate,octyl sulfate,,,C8H17O4S,209.284,209.0853,-1,CCCCCCCCOS([O-])(=O)=O,"InChI=1S/C8H18O4S/c1-2-3-4-5-6-7-8-12-13(9,10)11/h2-8H2,1H3,(H,9,10,11)/p-1",UZZYXUGECOQHPU-UHFFFAOYSA-M,UZZYXUGECOQHPU,,,,1871742,,,,,,,,,,,,,,,,CPD-21749,,,,,,,,,,,,,,,,22700234
CHEBI:6650,BJEPYKJPYRNKOW,malic acid,A 2-hydroxydicarboxylic acid that is succinic acid in which one of the hydrogens attached to a carbon is replaced by a hydroxy group.,3,,"Malic acid; hydroxysuccinic acid; hydroxybutanedioic acid; H2mal; E296; DL-Malic acid; apple acid; Aepfelsaeure; alpha-hydroxysuccinic acid; 2-Hydroxysuccinic acid; 2-Hydroxyethane-1,2-dicarboxylic acid; 2-Hydroxybutanedioic acid",2-hydroxybutanedioic acid,,,C4H6O5,134.0874,134.0215,0,OC(CC(O)=O)C(O)=O,"InChI=1S/C4H6O5/c5-2(4(8)9)1-3(6)7/h2,5H,1H2,(H,6,7)(H,8,9)",BJEPYKJPYRNKOW-UHFFFAOYSA-N,BJEPYKJPYRNKOW,1723539,6915-15-7,3325,1723539,,6915-15-7,,,,,,HMDB0000744,C00711,D04843,,,,,,RS-Malate,,6915-15-7,,,,1352,,,,Malic_acid,,,,,,15767321; 17190852; 17439666; 17896933; 19743855; 22411507
CHEBI:15366,,acetic acid,A simple monocarboxylic acid containing two carbons.,3,CHEBI:2387; CHEBI:40486; CHEBI:22169,Methanecarboxylic acid; MeCOOH; MeCO2H; INS No. 260; HOAc; Ethylic acid; ethoic acid; Ethanoic acid; Essigsaeure; E260; E-260; E 260; CH3CO2H; CH3-COOH; AcOH; acide acetique; Acetic acid; ACETIC ACID,acetic acid,,,C2H4O2,60.052,60.02113,0,CC(O)=O,"InChI=1S/C2H4O2/c1-2(3)4/h1H3,(H,3,4)",QTBSBXVTEAMEQO-UHFFFAOYSA-N,QTBSBXVTEAMEQO,506007,64-19-7,1380,506007,,64-19-7,,,,,,HMDB0000042,C00033,D00010,,C00001176,,LMFA01010002,,ACET,,64-19-7,,ACY,,1333,,,,Acetic_acid,,,,,,12005138; 15107950; 16630552; 16774200; 17190852; 19416101; 19469536; 22153255; 22173419
CHEBI:16449,QNAYBMKLOCPYGJ,alanine,An Î±-amino acid that consists of propionic acid bearing an amino substituent at position 2.,3,CHEBI:2539; CHEBI:13748; CHEBI:22277,Alanine; alanina; Alanin; ALA; A; 2-Aminopropionic acid; 2-Aminopropanoic acid,alanine; 2-aminopropanoic acid,,,C3H7NO2,89.09322,89.04768,0,CC(N)C(O)=O,"InChI=1S/C3H7NO2/c1-2(4)3(5)6/h2H,4H2,1H3,(H,5,6)",QNAYBMKLOCPYGJ-UHFFFAOYSA-N,QNAYBMKLOCPYGJ,635807,302-72-7,2449,635807,,302-72-7,,,,,,,C01401,,,,,,,,,302-72-7,,,,,,,,Alanine,,,,,,17439666; 22264337
CHEBI:16898,,pyrimidine,The parent compound of the pyrimidines; a diazine having the two nitrogens at the 1- and 3-positions.,3,CHEBI:44847; CHEBI:8675; CHEBI:14982,"Pyrimidine base; PYRIMIDINE; Pyrimidine; pyrimidine; Pyrimidin; Metadiazine; m-diazine; 1,3-Diazine; 1,3-Diazin",pyrimidine,,,C4H4N2,80.08804,80.03745,0,c1cncnc1,InChI=1S/C4H4N2/c1-2-5-4-6-3-1/h1-4H,CZPWVGJYEJSRLH-UHFFFAOYSA-N,CZPWVGJYEJSRLH,103894,289-95-2,49324,,,289-95-2,,,,,,,C00396,,,,,,,,,289-95-2,,P1R,,,,,,,,,,,,8070089
CHEBI:17822,MTCFGRXMJLQNBG,serine,An Î±-amino acid that is alanine substituted at position 3 by a hydroxy group.,3,CHEBI:15081; CHEBI:26648; CHEBI:9116,Serine; Serine; Serin; 3-Hydroxyalanine; 2-Amino-3-hydroxypropionic acid; 2-amino-3-hydroxypropanoic acid,serine,,,C3H7NO3,105.0926,105.0426,0,NC(CO)C(O)=O,"InChI=1S/C3H7NO3/c4-2(1-5)3(6)7/h2,5H,1,4H2,(H,6,7)",MTCFGRXMJLQNBG-UHFFFAOYSA-N,MTCFGRXMJLQNBG,1721402,302-84-1,26429,1721402,,302-84-1,,,,,,,C00716,,,C00001393,,,,,,302-84-1,,,,,,,,Serine,,,,,,
CHEBI:18186,OUYCCCASQSFEME,tyrosine,An Î±-amino acid that is phenylalanine bearing a hydroxy substituent at position 4 on the phenyl ring.,3,CHEBI:15277; CHEBI:9800; CHEBI:27176,Y; Tyrosine; Tyrosine; Tyrosin; Tyr; tirosina; 3-(p-Hydroxyphenyl)alanine; 2-Amino-3-(p-hydroxyphenyl)propionic acid; 2-amino-3-(4-hydroxyphenyl)propanoic acid,tyrosine,,,C9H11NO3,181.1886,181.0739,0,NC(Cc1ccc(O)cc1)C(O)=O,"InChI=1S/C9H11NO3/c10-8(9(12)13)5-6-1-3-7(11)4-2-6/h1-4,8,11H,5,10H2,(H,12,13)",OUYCCCASQSFEME-UHFFFAOYSA-N,OUYCCCASQSFEME,515881,0556-03-06,27744,515881,,55520-40-6,,,,,,,C01536,,,C00001397,,,,,,,,,,,,,,,,,,,,17190852
CHEBI:18211,RHGKLRLOHDJJDR,citrulline,The parent compound of the citrulline class consisting of ornithine having a carbamoyl group at the N5-position.,3,CHEBI:3730; CHEBI:14002,N(5)-carbamoyl-DL-ornithine; N(5)-(aminocarbonyl)ornithine; N(5)-(aminocarbonyl)-DL-ornithine; dl-citrulline; DL-2-amino-5-ureidovaleric acid; Citrulline; Citrullin; citrulina; Cit; 2-Amino-5-uredovaleric acid,N(5)-carbamoylornithine; citrulline; 2-amino-5-(carbamoylamino)pentanoic acid,,,C6H13N3O3,175.1858,175.0957,0,NC(CCCNC(N)=O)C(O)=O,"InChI=1S/C6H13N3O3/c7-4(5(10)11)2-1-3-9-6(8)12/h4H,1-3,7H2,(H,10,11)(H3,8,9,12)",RHGKLRLOHDJJDR-UHFFFAOYSA-N,RHGKLRLOHDJJDR,2328251,627-77-0,,1725417,,627-77-0,,,,,,,,,,,,,,,,627-77-0,,,,,,,,Citrulline,,,,,,11094453; 11113071; 11696417; 1378088; 16082501; 16708633; 17005970; 17513438; 17558653; 17693747; 18437289; 18440672; 18989563; 19144577; 21129371; 21482070
CHEBI:21077,,D-ribonic acid,The D-enantiomer ribonic acid.,3,,D-Ribonic acid,"D-ribonic acid; (2R,3R,4R)-2,3,4,5-tetrahydroxypentanoic acid",,,C5H10O6,166.1293,166.0477,0,OC[C@@H](O)[C@@H](O)[C@@H](O)C(O)=O,"InChI=1S/C5H10O6/c6-1-2(7)3(8)4(9)5(10)11/h2-4,6-9H,1H2,(H,10,11)/t2-,3-,4-/m1/s1",QXKAIJAYHKCRRA-BXXZVTAOSA-N,QXKAIJAYHKCRRA,1724264,,,1724264,,,,,,,,HMDB0000867,C01685,,,,,,,,,,,,,,,,,,,,,,,22770225
CHEBI:22660,CKLJMWTZIZZHCS,aspartic acid,An Î±-amino acid that consists of succinic acid bearing a single Î±-amino substituent,3,,"DL-Asparagic acid; DL-Aminosuccinic acid; D; Aspartic acid; Asp; 2-aminobutanedioic acid; (R,S)-Aspartic acid; (+-)-Aspartic acid",aspartic acid,,,C4H7NO4,133.1027,133.0375,0,NC(CC(O)=O)C(O)=O,"InChI=1S/C4H7NO4/c5-2(4(8)9)1-3(6)7/h2H,1,5H2,(H,6,7)(H,8,9)",CKLJMWTZIZZHCS-UHFFFAOYSA-N,CKLJMWTZIZZHCS,774618,617-45-8,185140,774618,,617-45-8,,,,,,,C16433,,,,,,,,,617-45-8,,,,,,,,Aspartic_acid,,,,,,22264337
CHEBI:24301,,glucuronolactone,,3,CHEBI:31655,glucuronolactones,,,,,,,,,,,,,,,,,,,,,,,,,D01800,,,,,,,,,,,,,,,,,,,,,,
CHEBI:24898,,isoleucine,"A 2-amino-3-methylpentanoic acid having either (2R,3R)- or (2S,3S)-configuration.",3,,"rel-(2R,3R)-2-amino-3-methylpentanoic acid; Hile",isoleucine,,,C6H13NO2,131.175,131.0946,0,,,,,1721790,443-79-8,,1721790,,443-79-8,,,,,,,,,,,,,,,,443-79-8,,,,,,,,,,,,,,17190852
CHEBI:25017,ROHFNLRQFUQHCH,leucine,A branched-chain amino acid that consists of glycine in which one of the hydrogens attached to the Î±-carbon is substituted by an isobutyl group.,3,,Leuzin; Leucin; Leu; L; Hleu; DL-Leucine; 2-amino-4-methylpentanoic acid; (RS)-Leucine; (+-)-Leucine,leucine,,,C6H13NO2,131.173,131.0946,0,CC(C)CC(N)C(O)=O,"InChI=1S/C6H13NO2/c1-4(2)3-5(7)6(8)9/h4-5H,3,7H2,1-2H3,(H,8,9)",ROHFNLRQFUQHCH-UHFFFAOYSA-N,ROHFNLRQFUQHCH,636005,328-39-2,50203,636005,,328-39-2,,,,,,,C16439,,,,,LMFA01100048,,,,328-39-2,,,,,,,,Leucine,,,,,,17439666
CHEBI:25094,KDXKERNSBIXSRK,lysine,A diamino acid that is caproic (hexanoic) acid bearing two amino substituents at positions 2 and 6.,3,,"Lysin; LYS; K; alpha,epsilon-diaminocaproic acid","lysine; 2,6-diaminohexanoic acid",,,C6H14N2O2,146.1876,146.1055,0,NCCCCC(N)C(O)=O,"InChI=1S/C6H14N2O2/c7-4-2-1-3-5(8)6(9)10/h5H,1-4,7-8H2,(H,9,10)",KDXKERNSBIXSRK-UHFFFAOYSA-N,KDXKERNSBIXSRK,1616991,70-54-2,279284,1616991,,70-54-2,,,,,,,C16440,,,,,,,,,70-54-2,,,,,,,,Lysine,,,,,,17439666; 22264337
CHEBI:26271,ONIBWKKTOPOVIA,proline,An Î±-amino acid that is pyrrolidine bearing a carboxy substituent at position 2.,3,,pyrrolidine-2-carboxylic acid; proline; prolina; Prolin; Hpro; DL-Proline,proline,,,C5H9NO2,115.1305,115.0633,0,OC(=O)C1CCCN1,"InChI=1S/C5H9NO2/c7-5(8)4-2-1-3-6-4/h4,6H,1-3H2,(H,7,8)",ONIBWKKTOPOVIA-UHFFFAOYSA-N,ONIBWKKTOPOVIA,80809,609-36-9,26927,80809,,609-36-9,,,,,,,C16435,,,,,,,,,609-36-9,,,,,,,,Proline,,,,,,16534801; 21400017; 21903295; 22264337; 22280966; 22770225
CHEBI:26986,,threonine,An Î±-amino acid in which one of the hydrogens attached to the Î±-carbon of glycine is substituted by a 1-hydroxyethyl group.,3,,Threonin,threonine,,,C4H9NO3,119.119,119.0582,0,,,,,8204750,80-68-2,,,,80-68-2,,,,,,,,,,,,,,,,80-68-2,,,,,,,,Threonine,,,,,,11379295; 15221503; 22264337
CHEBI:27266,KZSNJWFQEVHDMF,valine,A branched-chain amino acid that consists of glycine in which one of the hydrogens attached to the Î±-carbon is substituted by an isopropyl group.,3,,valina; Valin; Hval; DL-valine; 2-amino-3-methylbutanoic acid,valine,,,C5H11NO2,117.1464,117.079,0,CC(C)C(N)C(O)=O,"InChI=1S/C5H11NO2/c1-3(2)4(6)5(7)8/h3-4H,6H2,1-2H3,(H,7,8)",KZSNJWFQEVHDMF-UHFFFAOYSA-N,KZSNJWFQEVHDMF,506689,0516-06-03,49877,506689,,0516-06-03,,,,,,,C16436,,,,,,,,,0516-06-03,,,,,,,,Valine,,,,,,17190852; 22770225
CHEBI:27570,HNDVDQJCIGZPNO,histidine,An Î±-amino acid that is propanoic acid bearing an amino substituent at position 2 and a 1H-imidazol-4-yl group at position 3.,3,CHEBI:24598; CHEBI:43118; CHEBI:5733,Histidine; histidina; Histidin; DL-Histidine; alpha-Amino-1H-imidazole-4-propionic acid,histidine; 2-amino-3-(1H-imidazol-4-yl)propanoic acid,,,C6H9N3O2,155.1547,155.0695,0,NC(Cc1c[nH]cn1)C(O)=O,"InChI=1S/C6H9N3O2/c7-5(6(10)11)1-4-2-8-3-9-4/h2-3,5H,1,7H2,(H,8,9)(H,10,11)",HNDVDQJCIGZPNO-UHFFFAOYSA-N,HNDVDQJCIGZPNO,84087,4998-57-6,3656,84087,,4998-57-6,,,,,,,C00768,,,C00001363,,,,,,,,,,,,,,Histidine,,,,,,17190852; 22264337; 22770225; 29286160
CHEBI:27897,QIVBCDIJIAJPQS,tryptophan,An Î±-amino acid that is alanine bearing an indol-3-yl substituent at position 3.,3,CHEBI:27163; CHEBI:9769,W; tryptophane; Tryptophan; Trp; triptofano; Htrp; beta-3-indolylalanine; alpha-amino-beta-3-indolepropionic acid; alpha-Amino-beta-(3-indolyl)-propionic acid; 2-amino-3-(1H-indol-3-yl)propanoic acid,tryptophan,,,C11H12N2O2,204.2253,204.0899,0,NC(Cc1c[nH]c2ccccc12)C(O)=O,"InChI=1S/C11H12N2O2/c12-9(11(14)15)5-7-6-13-10-4-2-1-3-8(7)10/h1-4,6,9,13H,5,12H2,(H,14,15)",QIVBCDIJIAJPQS-UHFFFAOYSA-N,QIVBCDIJIAJPQS,86196,54-12-6,4532,86196,,54-12-6,,,,,,,C00806,,,C00001396,LSM-36836,,,,,54-12-6,,,,,,,,Tryptophan,,,,,,17439666; 22264337
CHEBI:28044,COLNVLDHVKWLRT,phenylalanine,An aromatic amino acid that is alanine in which one of the methyl hydrogens is substituted by a phenyl group.,3,CHEBI:8089; CHEBI:25984,phenylalanine; Phenylalanine; Phenylalanin; PHE; fenilalanina; F; DL-Phenylalanine; alpha-Amino-beta-phenylpropionic acid,phenylalanine; 2-amino-3-phenylpropanoic acid,,,C9H11NO2,165.1892,165.079,0,NC(Cc1ccccc1)C(O)=O,"InChI=1S/C9H11NO2/c10-8(9(11)12)6-7-4-2-1-3-5-7/h1-5,8H,6,10H2,(H,11,12)",COLNVLDHVKWLRT-UHFFFAOYSA-N,COLNVLDHVKWLRT,1910407,150-30-1,50836,1910407,,150-30-1,,,,,,,C02057,,,,,,,,,150-30-1,,,,,,,,Phenylalanine,,,,,,17439666; 22264337
CHEBI:28860,AEMOLEFTQBMNLQ,beta-D-glucuronic acid,A D-glucopyranuronic acid in which the anomeric centre has Î²-configuration.,3,CHEBI:40973; CHEBI:10395; CHEBI:21016,GlcAbeta; GlcAb; beta-D-Glucuronic acid; beta-D-Glucopyranuronic acid; beta-D-GlcpA,"beta-D-glucopyranuronic acid; (2S,3S,4S,5R,6R)-3,4,5,6-tetrahydroxytetrahydro-2H-pyran-2-carboxylic acid",,,C6H10O7,194.1394,194.0427,0,O[C@@H]1O[C@@H]([C@@H](O)[C@H](O)[C@H]1O)C(O)=O,"InChI=1S/C6H10O7/c7-1-2(8)4(5(10)11)13-6(12)3(1)9/h1-4,6-9,12H,(H,10,11)/t1-,2-,3+,4-,6+/m0/s1",AEMOLEFTQBMNLQ-QIUUJYRFSA-N,AEMOLEFTQBMNLQ,1427744,,2497864,1427744,,,,,,,,,C08350,,,C00001123,,,,CPD-12521,,,,BDP,,,,,,Glucuronic_acid,,,,,,19443021; 22770225; 25568069; 31537530; 35774810
CHEBI:28866,QZZGJDVWLFXDLK,tetracosanoic acid,A C24 straight-chain saturated fatty acid.,3,CHEBI:25467; CHEBI:6458; CHEBI:26892,tetraicosanoic acid; tetraeicosanoic acid; tetracosoic acid; Tetracosansaeure; Tetracosanoic acid; tetracosanic acid; n-tetracosanoic acid; Lignozerinsaeure; Lignoceric acid; Lignoceric acid; CH3-[CH2]22-COOH,tetracosanoic acid,,,C24H48O2,368.6367,368.3654,0,CCCCCCCCCCCCCCCCCCCCCCCC(O)=O,"InChI=1S/C24H48O2/c1-2-3-4-5-6-7-8-9-10-11-12-13-14-15-16-17-18-19-20-21-22-23-24(25)26/h2-23H2,1H3,(H,25,26)",QZZGJDVWLFXDLK-UHFFFAOYSA-N,QZZGJDVWLFXDLK,1728237,557-59-5,107095,1728237,,557-59-5,,,,,,HMDB0002003,C08320,,,C00001223,,LMFA01010024,,TETRACOSANOATE,,557-59-5,,,,,,,,Lignoceric_acid,,,,,,21781003; 23019902; 23157011; 23394615; 23871298; 24491713; 3174658
CHEBI:30832,WNLRTRBMVRJNCN,adipic acid,"An Î±,Ï‰-dicarboxylic acid that is the 1,4-dicarboxy derivative of butane.",3,CHEBI:2489; CHEBI:22268,"INS No. 355; E355; E-355; E 355; Adipinsaeure; adipinic acid; adipic acid; Adipic acid; 1,6-hexanedioic acid; 1,4-butanedicarboxylic acid",hexanedioic acid,,,C6H10O4,146.1412,146.0579,0,OC(=O)CCCCC(O)=O,"InChI=1S/C6H10O4/c7-5(8)3-1-2-4-6(9)10/h1-4H2,(H,7,8)(H,9,10)",WNLRTRBMVRJNCN-UHFFFAOYSA-N,WNLRTRBMVRJNCN,1209788,0124-04-09,3166,1209788,,0124-04-09,,,,,,HMDB0000448,C06104,D08839,,C00001178,,LMFA01170048,,ADIPATE,,0124-04-09,,0L1,,,,,,Adipic_acid,,,,,,22770225; 24491734; 24895214
CHEBI:30953,,pyrazine,A diazine that is benzene in which the carbon atoms at positions 1 and 4 have been replaced by nitrogen atoms.,3,,"pyz; Pyrazin; paradiazine; p-diazine; 1,4-diazine; 1,4-Diazin",pyrazine,,,C4H4N2,80.08804,80.03745,0,c1cnccn1,InChI=1S/C4H4N2/c1-2-6-4-3-5-1/h1-4H,KYQCOXFCLRTKLS-UHFFFAOYSA-N,KYQCOXFCLRTKLS,103905,290-37-9,1733,103905,,290-37-9,,,,,,HMDB0034176,,,,,,,,,,290-37-9,,,,,,,,Pyrazine,,,,,,24964033
CHEBI:32428,KJDZDTDNIULJBE,cetoleic acid,A docosenoic acid having a cis-double bond at position 11.,3,,"Docos-11c-ensaeure; docos-11c-enoic acid; cis-docos-11-enoic acid; cis-Delta(11)-docosenoic acid; cis-11-docosenoic acid; Cetoleinsaeure; C22:1, n-11 cis; 22:1, n-11 cis; (Z)-docos-11-enoic acid; (Z)-11-docosenoic acid",(11Z)-docos-11-enoic acid,,,C22H42O2,338.5677,338.3185,0,CCCCCCCCCC\C=C/CCCCCCCCCC(O)=O,"InChI=1S/C22H42O2/c1-2-3-4-5-6-7-8-9-10-11-12-13-14-15-16-17-18-19-20-21-22(23)24/h11-12H,2-10,13-21H2,1H3,(H,23,24)/b12-11-",KJDZDTDNIULJBE-QXMHVHEDSA-N,KJDZDTDNIULJBE,1728046,1002-96-6,,1728046,,1002-96-6,,,,,,HMDB0002884,,,,,,LMFA01030088,,,,,,,,,,,,,,,,,,14282926; 16826508; 410406
CHEBI:32806,,trans-aconitic acid,The trans-isomer of aconitic acid.,3,CHEBI:10719; CHEBI:27070,"trans-Aconitic acid; (E)-1-propene-1,2,3-tricarboxylic acid; (1E)-1-propene-1,2,3-tricarboxylic acid","(1E)-prop-1-ene-1,2,3-tricarboxylic acid",,,C6H6O6,174.1082,174.0164,0,OC(=O)C\C(=C/C(O)=O)C(O)=O,"InChI=1S/C6H6O6/c7-4(8)1-3(6(11)12)2-5(9)10/h1H,2H2,(H,7,8)(H,9,10)(H,11,12)/b3-1+",GTZCVFVGUGFEME-HNQUOIGGSA-N,GTZCVFVGUGFEME,1725830,4023-65-8,1606182,1725830,,4023-65-8,,,ECMDB00958,,,HMDB0000958,C02341,,,,,,,CPD-225,,,,TRA,,,,,,,YMDB00340,,,,,16662564; 17747267; 21670527; 2597432; 3339476; 6625167
CHEBI:34477,,6beta-hydroxytestosterone,A 17Î²-hydroxy steroid that is testosterone bearing an additional hydroxy substituent at the 6Î²-position.,3,CHEBI:63819,"6beta-Hydroxytestosterone; 6beta,17beta-Dihydroxyandrost-4-en-3-one; 6-beta,17-beta-dihydroxyandrost-4-en-3-one; 6beta,17beta-dihydroxy-4-androsten-3-one; 4-androsten-6beta,17beta-diol-3-one; (6beta,17beta)-6,17-dihydroxyandrost-4-en-3-one","6beta,17beta-dihydroxyandrost-4-en-3-one",,,C19H28O3,304.4238,304.2038,0,[H][C@@]12C[C@@H](O)C3=CC(=O)CC[C@]3(C)[C@@]1([H])CC[C@]1(C)[C@@H](O)CC[C@@]21[H],"InChI=1S/C19H28O3/c1-18-7-5-11(20)9-15(18)16(21)10-12-13-3-4-17(22)19(13,2)8-6-14(12)18/h9,12-14,16-17,21-22H,3-8,10H2,1-2H3/t12-,13-,14-,16+,17-,18+,19-/m0/s1",XSEGWEUVSZRCBC-ZVBLRVHNSA-N,XSEGWEUVSZRCBC,,62-99-7,,2625776,,62-99-7,,,,,,HMDB0006259,C14497,,,,,LMST02020054,,,,,,,,,,,,,,,,,,10574192; 15203039; 22822673
CHEBI:42394,XEZVDURJDFGERA,tricosanoic acid,A very long-chain fatty acid that is tricosane in which one of the methyl groups has been oxidised to the corresponding carboxylic acid.,3,CHEBI:39419; CHEBI:42392,n-tricosanoic acid,tricosanoic acid,,,C23H46O2,354.6101,354.3498,0,CCCCCCCCCCCCCCCCCCCCCCC(O)=O,"InChI=1S/C23H46O2/c1-2-3-4-5-6-7-8-9-10-11-12-13-14-15-16-17-18-19-20-21-22-23(24)25/h2-22H2,1H3,(H,24,25)",XEZVDURJDFGERA-UHFFFAOYSA-N,XEZVDURJDFGERA,1795192,2433-96-7,,1795192,,2433-96-7,DB03500,,,,,HMDB0001160,,,,,,LMFA01010023,,CPD-7834,,2433-96-7,,F23,,,,,,,,,,,,20117838
CHEBI:83008,,"(2S)-2,6-dimethylheptan-1-ol","The (S)-enantiomer of 2,6-dimethylheptan-1-ol.",3,,,"(2S)-2,6-dimethylheptan-1-ol",,,C9H20O,144.2545,144.1514,0,CC(C)CCC[C@H](C)CO,"InChI=1S/C9H20O/c1-8(2)5-4-6-9(3)7-10/h8-10H,4-7H2,1-3H3/t9-/m0/s1",RCYIBFNZRWQGNB-VIFPVBQESA-N,RCYIBFNZRWQGNB,,,,1918664,,,,,,,,,,,,,,,,,,,,,,,,,,,,,,,,16462083
CHEBI:83009,,"(2R)-2,6-dimethylheptan-1-ol","The (R)-enantiomer of 2,6-dimethylheptan-1-ol.",3,,,"(2R)-2,6-dimethylheptan-1-ol",,,C9H20O,144.2545,144.1514,0,CC(C)CCC[C@@H](C)CO,"InChI=1S/C9H20O/c1-8(2)5-4-6-9(3)7-10/h8-10H,4-7H2,1-3H3/t9-/m1/s1",RCYIBFNZRWQGNB-SECBINFHSA-N,RCYIBFNZRWQGNB,,,,4361052,,,,,,,,,,,,,,,,,,,,,,,,,,,,,,,,16462083
CHEBI:83010,,(6S)-6-methyloctan-1-ol,An alkyl alcohol that is 6-methyloctane carrying a hydroxy group at position 1 (the S-stereoisomer).,3,,,(6S)-6-methyloctan-1-ol,,,C9H20O,144.2545,144.1514,0,CC[C@H](C)CCCCCO,"InChI=1S/C9H20O/c1-3-9(2)7-5-4-6-8-10/h9-10H,3-8H2,1-2H3/t9-/m0/s1",WWRGKAMABZHMCN-VIFPVBQESA-N,WWRGKAMABZHMCN,,,,5725846,,,,,,,,,,,,,,,,,,,,,,,,,,,,,,,,16462083
CHEBI:83023,,5alpha-androstane-3alpha-glcosyl-17beta-diol,"A steroid saponin that is 5Î±-androstane-3Î±,17Î²-diol attached to a Î±-D-glucopyranosyl residue at position 3 via a glycosidic linkage.",3,,,"(3alpha,5alpha)-17beta-hydroxyandrostan-3-yl alpha-D-glucopyranoside",,,C25H42O7,454.5968,454.2931,0,C[C@]12CC[C@H]3[C@@H](CC[C@H]4C[C@@H](CC[C@]34C)O[C@H]3O[C@H](CO)[C@@H](O)[C@H](O)[C@H]3O)[C@@H]1CC[C@@H]2O,"InChI=1S/C25H42O7/c1-24-9-7-14(31-23-22(30)21(29)20(28)18(12-26)32-23)11-13(24)3-4-15-16-5-6-19(27)25(16,2)10-8-17(15)24/h13-23,26-30H,3-12H2,1-2H3/t13-,14+,15-,16-,17-,18+,19-,20+,21-,22+,23-,24-,25-/m0/s1",WSGAETMBDQLUOJ-JGQFTLOQSA-N,WSGAETMBDQLUOJ,,,,,,,,,,,,,,,,,,,,,,,,,,,,,,,,,,,,
CHEBI:83024,,glucosyl-6beta-hydroxytestosterone,A steroid saponin that is 6Î²-hydroxytestosterone attached to a Î±-D-glucopyranosyl residue at position 6 via glycosidic linkage.,3,,,(6beta)-17beta-hydroxy-3-oxoandrost-4-en-6-yl alpha-D-glucopyranoside,,,C25H38O8,466.5644,466.2567,0,C[C@]12CC[C@H]3[C@@H](C[C@@H](O[C@H]4O[C@H](CO)[C@@H](O)[C@H](O)[C@H]4O)C4=CC(=O)CC[C@]34C)[C@@H]1CC[C@@H]2O,"InChI=1S/C25H38O8/c1-24-7-5-12(27)9-16(24)17(32-23-22(31)21(30)20(29)18(11-26)33-23)10-13-14-3-4-19(28)25(14,2)8-6-15(13)24/h9,13-15,17-23,26,28-31H,3-8,10-11H2,1-2H3/t13-,14-,15-,17+,18+,19-,20+,21-,22+,23-,24+,25-/m0/s1",CZISKGRAMZYTOO-LXDCVNORSA-N,CZISKGRAMZYTOO,,,,,,,,,,,,,,,,,,,,,,,,,,,,,,,,,,,,
CHEBI:83029,WQZGKKKJIJFFOK,beta-D-talopyranose,A D-talopyranose with a Î²-configuration at the anomeric position.,3,,"WURCS=2.0/1,1,0/[a1112h-1b_1-5]/1/; beta-D-talose",,,,C6H12O6,180.1559,180.0634,0,OC[C@H]1O[C@@H](O)[C@@H](O)[C@@H](O)[C@H]1O,"InChI=1S/C6H12O6/c7-1-2-3(8)4(9)5(10)6(11)12-2/h2-11H,1H2/t2-,3+,4+,5+,6-/m1/s1",WQZGKKKJIJFFOK-QBFJYBIGSA-N,WQZGKKKJIJFFOK,,,,1723629,,,,,,G35338PW,G35338PW,,,,,,,,,,,,,,,,,,,,,,,,,
CHEBI:104011,,p-aminohippuric acid,An N-acylglycine that is the 4-amino derivative of hippuric acid; used as a diagnostic agent in the measurement of renal plasma flow.,3,CHEBI:59134,paraaminohippuric acid; para-Aminohippuric acid; Paha; PAH; p-aminohippurate; N-(para-aminobenzoyl)glycine; N-(p-Aminobenzoyl)glycine; N-(p-Aminobenzoyl)aminoacetic acid; Aminohippuric acid; 4-aminohippuric acid,N-(4-aminobenzoyl)glycine,,,C9H10N2O3,194.1873,194.0691,0,Nc1ccc(cc1)C(=O)NCC(O)=O,"InChI=1S/C9H10N2O3/c10-7-3-1-6(2-4-7)9(14)11-5-8(12)13/h1-4H,5,10H2,(H,11,14)(H,12,13)",HSMNQINEKMPTIC-UHFFFAOYSA-N,HSMNQINEKMPTIC,1216376,61-78-9,848144,1213676,,61-78-9,DB00345,,,,,HMDB0001867,,D06890,,,LSM-5739,,,,,,,,,,,,,Aminohippuric_Acid,,,,,,11060218; 11078692; 11443229; 12523660; 12552490; 17190852; 20439170; 22036005; 22273603; 22406909; 22460716; 2496229
CHEBI:15746,,spermine,"A polyazaalkane that is tetradecane in which the carbons at positions 1, 5, 10 and 14 are replaced by nitrogens. Spermine has broad actions on cellular metabolism.",3,CHEBI:15098; CHEBI:45583; CHEBI:9219; CHEBI:26734,"SPERMINE; Spermine; N,N'-Bis(3-aminopropyl)-1,4-butanediamine; 4,9-diazadodecane-1,12-diamine; 4,9-diaza-1,12-dodecanediamine","N,N'-bis(3-aminopropyl)butane-1,4-diamine",,,C10H26N4,202.3404,202.2158,0,NCCCNCCCCNCCCN,"InChI=1S/C10H26N4/c11-5-3-9-13-7-1-2-8-14-10-4-6-12/h13-14H,1-12H2",PFNFFQXMRSDOHW-UHFFFAOYSA-N,PFNFFQXMRSDOHW,1750791,71-44-3,454653,1750791,,71-44-3,DB00127,,,,,HMDB0001256,C00750,,,C00001432,,,,SPERMINE,,71-44-3,,SPM,,,,,,Spermine,,,,,,10873205; 10930630; 11341774; 11543598; 11805860; 15145762; 15308338; 15500473; 15972654; 16146631; 16253230; 16664713; 19275753; 19593412; 19962967; 22735334; 23289636; 23418509; 23506248; 23820617; 23887925; 7521253; 7721849; 8524182; 8832899; 9151701
CHEBI:15903,WQZGKKKJIJFFOK,beta-D-glucose,D-Glucopyranose with Î² configuration at the anomeric centre.,3,CHEBI:41140; CHEBI:12373; CHEBI:22795; CHEBI:10397,"WURCS=2.0/1,1,0/[a2122h-1b_1-5]/1/; beta-D-glucose; BETA-D-GLUCOSE; beta-D-Glucose",beta-D-glucopyranose,,,C6H12O6,180.1559,180.0634,0,OC[C@H]1O[C@@H](O)[C@H](O)[C@@H](O)[C@@H]1O,"InChI=1S/C6H12O6/c7-1-2-3(8)4(9)5(10)6(11)12-2/h2-11H,1H2/t2-,3-,4+,5-,6-/m1/s1",WQZGKKKJIJFFOK-VFUOTHLCSA-N,WQZGKKKJIJFFOK,1281607,492-61-5,648637,1281607,,492-61-5,DB02379,,,G71142DF,G71142DF,,C00221,,,,,,,,,492-61-5,,BGC,,,,,,,,,,,,19443021; 25568069; 31537530; 32568414
CHEBI:16135,KQNPFQTWMSNSAP,isobutyric acid,A branched fatty acid comprising propanoic acid carrying a methyl branch at C-2.,3,CHEBI:43397; CHEBI:40653; CHEBI:1212; CHEBI:19710; CHEBI:25337,"isopropylformic acid; ISOBUTYRIC ACID; Isobutyric acid; Isobutyrate; Isobuttersaeure; isobutanoic acid; Isobutanoate; iso-C3H7COOH; iso-butyric acid; Dimethylacetic acid; alpha-methylpropionic acid; alpha-methylpropanoic acid; alpha-isobutyric acid; 2-Methylpropionsaeure; 2-Methylpropanoic acid; 2-Methylpropanoate; 2-METHYL-PROPIONIC ACID; 2,2-dimethylacetic acid",2-methylpropanoic acid,,,C4H8O2,88.10512,88.05243,0,CC(C)C(O)=O,"InChI=1S/C4H8O2/c1-3(2)4(5)6/h3H,1-2H3,(H,5,6)",KQNPFQTWMSNSAP-UHFFFAOYSA-N,KQNPFQTWMSNSAP,635770,79-31-2,49630,635770,3128,79-31-2,DB02531,,,,,HMDB0001873,C02632,,,C00029462,,LMFA01020071,,ISOBUTYRATE,,79-31-2,,ALQ,,3128,,,,Isobutyric_acid,,,,,,10757489; 17580301; 17877388
CHEBI:16231,PMMYEEVYMWASQN,cis-4-hydroxy-D-proline,A 4-hydroxy-D-proline in which the hydroxy group at position 4 has R-configuration.,3,CHEBI:10479; CHEBI:12797; CHEBI:23300,"cis-4-hydroxy-D-proline; (2R,4R)-4-hydroxypyrrolidine-2-carboxylic acid",(4R)-4-hydroxy-D-proline,,,C5H9NO3,131.131,131.0582,0,O[C@H]1CN[C@H](C1)C(O)=O,"InChI=1S/C5H9NO3/c7-3-1-4(5(8)9)6-2-3/h3-4,6-7H,1-2H2,(H,8,9)/t3-,4-/m1/s1",PMMYEEVYMWASQN-QWWZWVQMSA-N,PMMYEEVYMWASQN,,2584-71-6,,81439,,2584-71-6,,,,,,HMDB0060460,C03440,,,,,,,,,,,UYA,,,,,,,,,,,,22770225; 22804907; 25678137; 26833407; 29191113; 33333077; 5082949
CHEBI:17475,,aminomalonic acid,An amino dicarboxylic acid that is malonic acid in which one of the methylene hydrogens has been replaced by an amino group.,3,CHEBI:2656; CHEBI:42453; CHEBI:13770; CHEBI:22513,Aminomalonic acid; Aminomalonate; 2-Aminomalonic acid,aminopropanedioic acid,,,C3H5NO4,119.0761,119.0219,0,NC(C(O)=O)C(O)=O,"InChI=1S/C3H5NO4/c4-1(2(5)6)3(7)8/h1H,4H2,(H,5,6)(H,7,8)",JINBYESILADKFW-UHFFFAOYSA-N,JINBYESILADKFW,,1068-84-4,,1704564,,1068-84-4,DB02289,,ECMDB21430,,,HMDB0001147,C00872,,,,,,,AMINOMALONATE,,,,FGL,,,,,,,,,,,,1621954; 20117838
CHEBI:17802,PTJWIQPHWPFNBW,pseudouridine,A C-glycosyl pyrimidine that consists of uracil having a Î²-D-ribofuranosyl residue attached at position 5. The C-glycosyl isomer of the nucleoside uridine.,3,CHEBI:8610; CHEBI:14964; CHEBI:26364,"Psi-uridine; pseudouridine; Pseudouridine; p; beta-Pseudouridine; 5-(beta-D-ribofuranosyl)uracil; (1S)-1,4-anhydro-1-(2,4-dioxo-1,2,3,4-tetrahydropyrimidin-5-yl)-D-ribitol","5-(beta-D-ribofuranosyl)pyrimidine-2,4(1H,3H)-dione",,,C9H12N2O6,244.2015,244.0695,0,OC[C@H]1O[C@H]([C@H](O)[C@@H]1O)c1c[nH]c(=O)[nH]c1=O,"InChI=1S/C9H12N2O6/c12-2-4-5(13)6(14)7(17-4)3-1-10-9(16)11-8(3)15/h1,4-7,12-14H,2H2,(H2,10,11,15,16)/t4-,5-,6-,7+/m1/s1",PTJWIQPHWPFNBW-GBNDHIKLSA-N,PTJWIQPHWPFNBW,32779,1445-07-04,,621385,,1445-07-04,,,,,,HMDB0000767,C02067,,,C00001508,,,,CPD-497,,,,,,,,,,Pseudouridine,,,,,,12810910; 13811056; 15199136; 15739475; 16236171; 18620915; 21628430; 21953190; 21960742; 22770225
CHEBI:17859,JFCQEDHGNNZCLN,glutaric acid,"An Î±,Ï‰-dicarboxylic acid that is a linear five-carbon dicarboxylic acid.",3,CHEBI:43097; CHEBI:5434; CHEBI:24330,"Pentanedioic acid; Glutarsaeure; GLUTARIC ACID; Glutaric acid; 1,5-pentanedioic acid; 1,3-Propanedicarboxylic acid",pentanedioic acid,,,C5H8O4,132.1146,132.0423,0,OC(=O)CCCC(O)=O,"InChI=1S/C5H8O4/c6-4(7)2-1-3-5(8)9/h1-3H2,(H,6,7)(H,8,9)",JFCQEDHGNNZCLN-UHFFFAOYSA-N,JFCQEDHGNNZCLN,1209725,110-94-1,26809,1209725,,110-94-1,DB03553,,,,,HMDB0000661,C00489,,,C00001184,,LMFA01170046,,,,110-94-1,,GUA,,,,,,Glutaric_acid,,,,,,24297153; 24587932; 24900967
CHEBI:18237,WHUUTDBJXJRKMK,glutamic acid,An Î±-amino acid that is glutaric acid bearing a single amino substituent at position 2.,3,CHEBI:24314; CHEBI:5431,Glutaminsaeure; Glutaminic acid; Glutamic acid; Glutamate; Glu; E; DL-Glutaminic acid; DL-Glutamic acid; 2-Aminoglutaric acid,glutamic acid; 2-aminopentanedioic acid,,,C5H9NO4,147.1293,147.0532,0,NC(CCC(O)=O)C(O)=O,"InChI=1S/C5H9NO4/c6-3(5(9)10)1-2-4(7)8/h3H,1-2,6H2,(H,7,8)(H,9,10)",WHUUTDBJXJRKMK-UHFFFAOYSA-N,WHUUTDBJXJRKMK,1723799,617-65-2,101971,1723799,,617-65-2,,,,,,,C00302,D04341,,C00019577,,,,,,617-65-2,,,,,,,,Glutamic_acid,,,,,,15739367; 17190852; 24616376; 24984001
CHEBI:18329,CBMYJHIOYJEBSB,"5alpha-androstane-3beta,17beta-diol","An androstane-3,17-diol that is 5Î±-androstane substituted by Î²-hydroxy groups at positions 3 and 17. It is a metabolite of dihydrotestosterone.",3,CHEBI:40768; CHEBI:20637; CHEBI:31138; CHEBI:12167,"5-alpha-androstane-3-beta,17-beta-diol; 5alpha-Androstan-3beta,17beta-diol; 5-ALPHA-ANDROSTANE-3-BETA,17BETA-DIOL; 3beta,17beta-dihydroxy-5alpha-androstane; (3beta,5alpha,17beta)-androstane-3,17-diol","5alpha-androstane-3beta,17beta-diol",,,C19H32O2,292.4562,292.2402,0,[H][C@@]12CC[C@@]3([H])[C@]4([H])CC[C@H](O)[C@@]4(C)CC[C@]3([H])[C@@]1(C)CC[C@H](O)C2,"InChI=1S/C19H32O2/c1-18-9-7-13(20)11-12(18)3-4-14-15-5-6-17(21)19(15,2)10-8-16(14)18/h12-17,20-21H,3-11H2,1-2H3/t12-,13-,14-,15-,16-,17-,18-,19-/m0/s1",CBMYJHIOYJEBSB-YSZCXEEOSA-N,CBMYJHIOYJEBSB,2559488,571-20-0,,2559488,,571-20-0,DB03882,,,,,HMDB0000493,C12525,,,,,LMST02020053,,,,571-20-0,,AOM,,,,,,,,,,,,15958594
CHEBI:22653,DCXYFEDJOCDNAF,asparagine,An Î±-amino acid in which one of the hydrogens attached to the Î±-carbon of glycine is substituted by a 2-amino-2-oxoethyl group.,3,,"N; Hasp; DL-Asparagine; asparagina; Asparagin; ASN; Asn; 2-amino-3-carbamoylpropanoic acid; 2,4-diamino-4-oxobutanoic acid",asparagine,,,C4H8N2O3,132.118,132.0535,0,NC(CC(N)=O)C(O)=O,"InChI=1S/C4H8N2O3/c5-2(4(8)9)1-3(6)7/h2H,1,5H2,(H2,6,7)(H,8,9)",DCXYFEDJOCDNAF-UHFFFAOYSA-N,DCXYFEDJOCDNAF,1723525,3130-87-8,279043,1723525,,3130-87-8,,,,,,,C16438,,,,,,,,,,,,,,,,,Asparagine,,,,,,22264337; 22770225
CHEBI:29016,ODKSFYDXXFIFQN,arginine,An Î±-amino acid that is glycine in which the Î±-is substituted by a 3-guanidinopropyl group.,3,CHEBI:2643; CHEBI:22616,Harg; Arginine; Arginin; 2-Amino-5-guanidinovaleric acid; 2-amino-5-guanidinopentanoic acid; 2-amino-5-(carbamimidamido)pentanoic acid,arginine,,,C6H14N4O2,174.2011,174.1117,0,NC(CCCNC(N)=N)C(O)=O,"InChI=1S/C6H14N4O2/c7-4(5(11)12)2-1-3-10-6(8)9/h4H,1-3,7H2,(H,11,12)(H4,8,9,10)",ODKSFYDXXFIFQN-UHFFFAOYSA-N,ODKSFYDXXFIFQN,1725411,7200-25-1,,1725411,,7200-25-1,,,,,,,C02385,,,,,,,,,,,,,,,,,L-Arginine,,,,,,10848923
CHEBI:30531,WLJVNTCWHIRURA,pimelic acid,"An Î±,Ï‰-dicarboxylic acid that is pentane with two carboxylic acid groups at positions C-1 and C-5.",3,CHEBI:20709; CHEBI:44980; CHEBI:24517,"Pimelic acid; PIMELIC ACID; Pimelate; Heptanedioic acid; 6-carboxyhexanoic acid; 1,5-pentanedicarboxylic acid",heptanedioic acid,,,C7H12O4,160.1678,160.0736,0,OC(=O)CCCCCC(O)=O,"InChI=1S/C7H12O4/c8-6(9)4-2-1-3-5-7(10)11/h1-5H2,(H,8,9)(H,10,11)",WLJVNTCWHIRURA-UHFFFAOYSA-N,WLJVNTCWHIRURA,1210024,111-16-0,261058,1210024,,111-16-0,DB01856,,,,,HMDB0000857,C02656,,,C00001199,,LMFA01170051,,CPD-205,,,,PML,,,,,,Pimelic_acid,,,,,,20693992; 21437340; 22770225; 24486440
CHEBI:32365,KEMQGTRYUADPNZ,heptadecanoic acid,A C17 saturated fatty acid and trace component of fats in ruminants.,3,,n-heptadecylic acid; n-heptadecoic acid; n-heptadecanoic acid; Margarinsaeure; margarinic acid; margaric acid; heptadecylic acid; heptadecoic acid; CH3-[CH2]15-COOH; C17:0; 17:0,heptadecanoic acid,,,C17H34O2,270.4507,270.2559,0,CCCCCCCCCCCCCCCCC(O)=O,"InChI=1S/C17H34O2/c1-2-3-4-5-6-7-8-9-10-11-12-13-14-15-16-17(18)19/h2-16H2,1H3,(H,18,19)",KEMQGTRYUADPNZ-UHFFFAOYSA-N,KEMQGTRYUADPNZ,1781004,0506-12-7,253195,1781004,,0506-12-7,,,,,,HMDB0002259,,,,C00007426,,LMFA01010017,,CPD-7830,,0506-12-7,,,,,,,,Heptadecanoic_acid,,,,,,13269382; 13400103; 13403863; 17439666; 24708591
CHEBI:32389,,"all-cis-octadeca-6,9,12,15-tetraenoic acid","An octadecatetraenoic acid having four double bonds located at positions 6, 9, 12 and 15 (the all-cis-isomer). It has been isolated from Lithospermum officinale and fish oils.",3,,"stearidonic acid; SDA; 6,9,12,15-Octadecatetraenoic acid; (6Z,9Z,12Z,15Z)-Octadecatetraenoic acid","(6Z,9Z,12Z,15Z)-octadeca-6,9,12,15-tetraenoic acid",,,C18H28O2,276.4137,276.2089,0,CC\C=C/C\C=C/C\C=C/C\C=C/CCCCC(O)=O,"InChI=1S/C18H28O2/c1-2-3-4-5-6-7-8-9-10-11-12-13-14-15-16-17-18(19)20/h3-4,6-7,9-10,12-13H,2,5,8,11,14-17H2,1H3,(H,19,20)/b4-3-,7-6-,10-9-,13-12-",JIWBIWFOSCKQMA-LTKCOYKYSA-N,JIWBIWFOSCKQMA,1712973,20290-75-9,,1712973,,20290-75-9,,,,,,HMDB0006547,C16300,,,C00000405,,LMFA01030357,,CPD-12653,,,,,,,,,,Stearidonic_acid,,,,,,23932357; 24553695
CHEBI:36713,CBMYJHIOYJEBSB,"5alpha-androstane-3alpha,17beta-diol","The 5Î±-stereoisomer of androstane-3Î±,17Î²-diol.",3,,"hombreol; 5-alpha-androstane-3-alpha,17-beta-diol; 3alpha,17beta-dihydroxy-5alpha-androstane; (3alpha,5alpha,17beta)-androstane-3,17-diol","5alpha-androstane-3alpha,17beta-diol",,,C19H32O2,292.4562,292.2402,0,[H][C@@]12CC[C@@]3([H])[C@]4([H])CC[C@H](O)[C@@]4(C)CC[C@]3([H])[C@@]1(C)CC[C@@H](O)C2,"InChI=1S/C19H32O2/c1-18-9-7-13(20)11-12(18)3-4-14-15-5-6-17(21)19(15,2)10-8-16(14)18/h12-17,20-21H,3-11H2,1-2H3/t12-,13+,14-,15-,16-,17-,18-,19-/m0/s1",CBMYJHIOYJEBSB-KHOSGYARSA-N,CBMYJHIOYJEBSB,2694353,1852-53-5,,,,1852-53-5,,,,,,HMDB0000495,,,,,,LMST02020052,,,,1852-53-5,,,,,,,,3%CE%B1-Androstanediol,,,,,,11500254
CHEBI:38290,,L-ascorbate,"The L-enantiomer of ascorbate and conjugate base of L-ascorbic acid, arising from selective deprotonation of the 3-hydroxy group. Required for a range of essential metabolic reactions in all animals and plants.",3,CHEBI:13082; CHEBI:13861,"Vitamin C; L-ascorbic acid, ion(1-); L-ascorbate(1-); L-ascorbate; L-Ascorbate; Ascorbate","(2R)-2-[(1S)-1,2-dihydroxyethyl]-4-hydroxy-5-oxo-2,5-dihydrofuran-3-olate",,,C6H7O6,175.1162,175.0248,-1,[H][C@@]1(OC(=O)C(O)=C1[O-])[C@@H](O)CO,"InChI=1S/C6H8O6/c7-1-2(8)5-3(9)4(10)6(11)12-5/h2,5,7-10H,1H2/p-1/t2-,5+/m0/s1",CIWBSHSKHKDKBQ-JLAZNSOCSA-M,CIWBSHSKHKDKBQ,3549814,299-36-5,506552,,,299-36-5,,,,,,,C00072,,,,,,,ASCORBATE,,,,,,,,,,,,,,,,18450228; 18678913; 19162177; 9506998
CHEBI:78320,JVTAAEKCZFNVCJ,2-hydroxypropanoic acid,A 2-hydroxy monocarboxylic acid that is propanoic acid in which one of the Î±-hydrogens is replaced by a hydroxy group.,3,,Lactic acid; 2-Hydroxypropionic acid; 2-Hydroxypropanoic acid,2-hydroxypropanoic acid,,,C3H6O3,90.0779,90.03169,0,CC(O)C(O)=O,"InChI=1S/C3H6O3/c1-2(4)3(5)6/h2,4H,1H3,(H,5,6)",JVTAAEKCZFNVCJ-UHFFFAOYSA-N,JVTAAEKCZFNVCJ,,50-21-5,,,,,,,,,,,C01432,D00111,,,,,,,,,,,,,,,,,,,,,,
CHEBI:15727,CQOVPNPJLQNMDC,carnosine,A dipeptide that is the N-(Î²-alanyl) derivative of L-histidine.,3,CHEBI:3428; CHEBI:13948; CHEBI:23040,Nalpha-(beta-alanyl)-L-histidine; N-beta-alanyl-L-histidine; N-2-M; N-(3-aminopropanoyl)-L-histidine; L-carnosine; ignotine; Carnosine; beta-alanyl-L-histidine; beta-alanyl-L-histidine; (2S)-2-(3-aminopropanamido)-3-(1H-imidazol-4-yl)propanoic acid,N(alpha)-(beta-alanyl)-L-histidine,,Karnozzn; Karnozin,C9H14N4O3,226.236,226.1066,0,NCCC(=O)N[C@@H](CC1=CNC=N1)C(O)=O,"InChI=1S/C9H14N4O3/c10-2-1-8(14)13-7(9(15)16)3-6-4-11-5-12-6/h4-5,7H,1-3,10H2,(H,11,12)(H,13,14)(H,15,16)/t7-/m0/s1",CQOVPNPJLQNMDC-ZETCQYMHSA-N,CQOVPNPJLQNMDC,,305-84-0,,87671,,305-84-0,DB11695,,,,,HMDB0000033,C00386,,,C00052222,,,,,,,,8V0,,,,,,Carnosine,,,,,,10841274; 10951105; 10951108; 11470131; 11707898; 11911459; 11976203; 12139778; 15853927; 15878720; 15941308; 16162015; 16181134; 16287364; 16406688; 16804013; 17031479; 1735411; 17443912; 18019400; 18076890; 18773880; 19309105; 20017611; 20681748; 24398899; 2674258; 29463897; 31951767; 33586561; 33704575; 34067694; 8689392; 9029640; 9928418
CHEBI:15741,KDYFGRWQOYBRFD,succinic acid,"An Î±,Ï‰-dicarboxylic acid resulting from the formal oxidation of each of the terminal methyl groups of butane to the corresponding carboxy group. It is an intermediate metabolite in the citric acid cycle.",3,CHEBI:22943; CHEBI:45639; CHEBI:9304; CHEBI:26807,"SUCCINIC ACID; Succinic acid; spirit of amber; HOOC-CH2-CH2-COOH; Ethylenesuccinic acid; E363; Dihydrofumaric acid; Butanedionic acid; Butandisaeure; Bernsteinsaeure; asuccin; amber acid; acidum succinicum; acide succinique; acide butanedioique; 1,2-ethanedicarboxylic acid",succinic acid; butanedioic acid,,,C4H6O4,118.088,118.0266,0,OC(=O)CCC(O)=O,"InChI=1S/C4H6O4/c5-3(6)1-2-4(7)8/h1-2H2,(H,5,6)(H,7,8)",KDYFGRWQOYBRFD-UHFFFAOYSA-N,KDYFGRWQOYBRFD,1754069,110-15-6,2785,1754069,,110-15-6,DB00139,,ECMDB00254,,,HMDB0000254,C00042,,,C00001205,,LMFA01170043,,SUC,,110-15-6,,SIN,,,,,,Succinic_acid,YMDB00338,,,,,17439666
CHEBI:15756,IPCSVZSSVZVIGE,hexadecanoic acid,"A straight-chain, sixteen-carbon, saturated long-chain fatty acid.",3,CHEBI:24542; CHEBI:35978; CHEBI:24540; CHEBI:24550; CHEBI:44952; CHEBI:233028; CHEBI:14730; CHEBI:24541; CHEBI:29889,Pentadecanecarboxylic acid; Palmitinsaeure; Palmitinic acid; palmitic acid; Palmitic acid; PALMITIC ACID; Palmitate; n-hexadecoic acid; n-hexadecanoic acid; Hexaectylic acid; Hexadecylic acid; Hexadecylic acid; hexadecoic acid; Hexadecanoate; FA 16:0; CH3-[CH2]14-COOH; cetylic acid; C16:0; C16 fatty acid; C16; 16:00; 1-Pentadecanecarboxylic acid; 1-hexyldecanoic acid,hexadecanoic acid,,,C16H32O2,256.4241,256.2402,0,CCCCCCCCCCCCCCCC(O)=O,"InChI=1S/C16H32O2/c1-2-3-4-5-6-7-8-9-10-11-12-13-14-15-16(17)18/h2-15H2,1H3,(H,17,18)",IPCSVZSSVZVIGE-UHFFFAOYSA-N,IPCSVZSSVZVIGE,607489,57-10-3,190200,607489,,57-10-3,DB03796,,,,,HMDB0000220,C00249,D05341,,C00030479,,LMFA01010001,,PALMITATE,,57-10-3,,PLM,,1336,,,,Palmitic_acid,,,,,,12492626; 1589452; 17439666; 20001317; 22735334; 25584012; 28600633; 15357969; 16509590; 16884313; 17502136
CHEBI:15843,YZXBAPSDXZZRGB,arachidonic acid,"A long-chain fatty acid that is a C20, polyunsaturated fatty acid having four (Z)-double bonds at positions 5, 8, 11 and 14.",3,CHEBI:40501; CHEBI:22608; CHEBI:2799,"cis-Delta(5,8,11,14)-eicosatetraenoic acid; cis-5,8,11,14-Eicosatetraenoic acid; Arachidonsaeure; ARACHIDONIC ACID; Arachidonic acid; Arachidonate; ARA; all-cis-5,8,11,14-eicosatetraenoic acid; AA; (5Z,8Z,11Z,14Z)-Icosatetraenoic acid; (5Z,8Z,11Z,14Z)-5,8,11,14-icosatetraenoic acid","(5Z,8Z,11Z,14Z)-icosa-5,8,11,14-tetraenoic acid",,,C20H32O2,304.4669,304.2402,0,CCCCC\C=C/C\C=C/C\C=C/C\C=C/CCCC(O)=O,"InChI=1S/C20H32O2/c1-2-3-4-5-6-7-8-9-10-11-12-13-14-15-16-17-18-19-20(21)22/h6-7,9-10,12-13,15-16H,2-5,8,11,14,17-19H2,1H3,(H,21,22)/b7-6-,10-9-,13-12-,16-15-",YZXBAPSDXZZRGB-DOFZRALJSA-N,YZXBAPSDXZZRGB,1913991,506-32-1,58972,1913991,,506-32-1,DB04557,,,,,HMDB0001043,C00219,,,C00000388,,LMFA01030001,,ARACHIDONIC_ACID,,506-32-1,,ACD,,,,,,Arachidonic_acid,,,,,,15129302; 18931599; 18973997; 25584012; 2820055
CHEBI:15908,JPIJQSOTBSSVTP,L-threonic acid,The L-enantiomer of threonic acid.,3,CHEBI:9573; CHEBI:13174; CHEBI:21402,,"L-threonic acid; (2R,3S)-2,3,4-trihydroxybutanoic acid",,,C4H8O5,136.1033,136.0372,0,OC[C@H](O)[C@@H](O)C(O)=O,"InChI=1S/C4H8O5/c5-1-2(6)3(7)4(8)9/h2-3,5-7H,1H2,(H,8,9)/t2-,3+/m0/s1",JPIJQSOTBSSVTP-STHAYSLISA-N,JPIJQSOTBSSVTP,1722841,7306-96-9,,1722841,,7306-96-9,,,,,,,C01620,,,C00034314,,,,,,,,,,,,,,Threonic_acid,,,,,,12961869; 16662405; 17098753; 22770225
CHEBI:15963,HEBKCHPVOIAQTA,ribitol,"A pentitol (five-carbon sugar alcohol) having meso-configuration, being derived from ribose by reduction of the carbonyl group. It occurs naturally in the plant Adonis vernalis.",3,CHEBI:15043; CHEBI:8841; CHEBI:48505; CHEBI:4230; CHEBI:26552; CHEBI:57591; CHEBI:27854; CHEBI:21074,"ribitol; Ribitol; L-ribitol; D-Ribitol; D-Adonitol; Adonitol; (2R,3s,4S)-pentane-1,2,3,4,5-pentol","meso-ribitol; (2R,3s,4S)-pentane-1,2,3,4,5-pentol",,,C5H12O5,152.1458,152.0685,0,OC[C@H](O)[C@H](O)[C@H](O)CO,"InChI=1S/C5H12O5/c6-1-3(8)5(10)4(9)2-7/h3-10H,1-2H2/t3-,4+,5-",HEBKCHPVOIAQTA-ZXFHETKHSA-N,HEBKCHPVOIAQTA,1720524,488-81-3,82894,1720524,,488-81-3,,,,,,HMDB0000508,C00474,,,C00001171,,,,RIBITOL,,488-81-3,,,,,,,,Ribitol,,,,,,15234337; 16664320; 16901854; 17336832; 17979222; 23564164; 24643482; 25108762
CHEBI:16330,NVKAWKQGWWIWPM,17beta-hydroxy-5alpha-androstan-3-one,"A 17Î²-hydroxy steroid that is testosterone in which the 4,5 double bond has been reduced to a single bond with Î±-configuration at position 5.",3,CHEBI:793; CHEBI:11342; CHEBI:41876; CHEBI:11341; CHEBI:19175,"Stanolone; dihydrotestosterone; DIHYDROTESTOSTERONE; Dihydrotestosteron; DHT; Androstanolone; 5alpha-Dihydrotestosterone; 5alpha-dihydrotestosterone; 5alpha-DHT; 4,5alpha-dihydrotestosterone; 17beta-Hydroxyandrostan-3-one; 17beta-Hydroxyandrostan-3-one; 17beta-hydroxyandrostan-3-one; 17-beta-hydroxy-5-alpha-androstan-3-one; 17beta-Hydroxy-5alpha-androstan-3-one; 17beta-hydroxy-5alpha-androstan-3-one",17beta-hydroxy-5alpha-androstan-3-one,androstanolonum; androstanolone; androstanolone; androstanolona,,C19H30O2,290.4403,290.2246,0,[H][C@@]12CC[C@@]3([H])[C@]4([H])CC[C@H](O)[C@@]4(C)CC[C@]3([H])[C@@]1(C)CCC(=O)C2,"InChI=1S/C19H30O2/c1-18-9-7-13(20)11-12(18)3-4-14-15-5-6-17(21)19(15,2)10-8-16(14)18/h12,14-17,21H,3-11H2,1-2H3/t12-,14-,15-,16-,17-,18-,19-/m0/s1",NVKAWKQGWWIWPM-ABEVXSGRSA-N,NVKAWKQGWWIWPM,,521-18-6,,,,521-18-6,DB02901,,,,,HMDB0002961,C03917,D07456,,,,LMST02020042,,17-BETA-HYDROXY-5ALPHA-ANDROSTAN-3-O,,521-18-6,,DHT,,,,,,Dihydrotestosterone,,,,,,15251265; 15811352; 18076420
CHEBI:16422,,"androst-4-ene-3,17-dione",A 3-oxo Î”4-steroid that is androst-4-ene substituted by oxo groups at positions 3 and 17. It is a steroid hormone synthesized in the adrenal glands and gonads.,3,CHEBI:2709; CHEBI:40930; CHEBI:11964; CHEBI:20322; CHEBI:13830,"Delta(4)-androstene-3,17-dione; Delta(4)-androsten-3,17-dione; Androstenedione; Androst-4-ene-3,17-dione; androst-4-ene-3,17-dione; Androst-4-ene-3,17-dione; 4-ANDROSTENE-3-17-DIONE; 4-Androstene-3,17-dione","androst-4-ene-3,17-dione",,,C19H26O2,286.4085,286.1933,0,[H][C@@]12CCC3=CC(=O)CC[C@]3(C)[C@@]1([H])CC[C@]1(C)C(=O)CC[C@@]21[H],"InChI=1S/C19H26O2/c1-18-9-7-13(20)11-12(18)3-4-14-15-5-6-17(21)19(15,2)10-8-16(14)18/h11,14-16H,3-10H2,1-2H3/t14-,15-,16-,18-,19-/m0/s1",AEMFNILZOJDQLW-QAGGRKNESA-N,AEMFNILZOJDQLW,2059239,63-05-8,961672,2059239,,63-05-8,DB01536,,,,,HMDB0000053,C00280,D00051,,C00003644,,LMST02020007,,ANDROST4ENE,,63-05-8,,ASD,,,,,,Androstenedione,,,,,,24423344; 24740546
CHEBI:16469,VOXZDWNPVJITMN,17beta-estradiol,The 17Î²-isomer of estradiol.,3,CHEBI:23963; CHEBI:42475; CHEBI:4864; CHEBI:14219,"Estradiol-17beta; Estradiol-17beta; ESTRADIOL; Estradiol; cis-estradiol; beta-Estradiol; 17beta-oestradiol; 17beta-estradiol; 17-beta-estradiol; 17beta-estra-1,3,5(10)-triene-3,17-diol; 17beta oestradiol; (17beta)-estra-1,3,5(10)-triene-3,17-diol","estra-1,3,5(10)-triene-3,17beta-diol",,,C18H24O2,272.382,272.1776,0,[H][C@]12CC[C@]3(C)[C@@H](O)CC[C@@]3([H])[C@]1([H])CCc1cc(O)ccc21,"InChI=1S/C18H24O2/c1-18-9-8-14-13-5-3-12(19)10-11(13)2-4-15(14)16(18)6-7-17(18)20/h3,5,10,14-17,19-20H,2,4,6-9H2,1H3/t14-,15-,16+,17+,18+/m1/s1",VOXZDWNPVJITMN-ZBRFXRBCSA-N,VOXZDWNPVJITMN,1914275,50-28-2,290805,1914275,,50-28-2,DB00783,,,,,HMDB0000151,C00951,D00105,,,LSM-2421,LMST02010001,,,,50-28-2,,EST,,,,,,Estradiol,,,,,,10438974; 10585175; 10843196; 11703424; 14681337; 16313478; 17124377; 1777462; 23901460; 24134630; 24449492; 3621671; 8098802; 8567793
CHEBI:17347,,testosterone,"An androstanoid having 17Î²-hydroxy and 3-oxo groups, together with unsaturation at C-4â€’C-5..",3,CHEBI:45798; CHEBI:9461; CHEBI:15214; CHEBI:26883,testosterone; TESTOSTERONE; Testosterone; Testosteron; Androderm; 4-androsten-17beta-ol-3-one; 17beta-Hydroxy-4-androsten-3-one; 17beta-hydroxy-4-androsten-3-one,17beta-hydroxyandrost-4-en-3-one,testosteronum; testosterone; testosterona,,C19H28O2,288.4244,288.2089,0,[H][C@@]12CCC3=CC(=O)CC[C@]3(C)[C@@]1([H])CC[C@]1(C)[C@@H](O)CC[C@@]21[H],"InChI=1S/C19H28O2/c1-18-9-7-13(20)11-12(18)3-4-14-15-5-6-17(21)19(15,2)10-8-16(14)18/h11,14-17,21H,3-10H2,1-2H3/t14-,15-,16-,17-,18-,19-/m0/s1",MUMGGOZAMZWBJJ-DYKIIFRCSA-N,MUMGGOZAMZWBJJ,3653705,58-22-0,538843,1915399,,58-22-0,DB00624,,,,,HMDB0000234,C00535,D00075,,C00003675,,LMST02020002,,,,58-22-0,,TES,,,,,,Testosterone,,,,,,10438974; 11786693; 18900503; 24498482
CHEBI:17351,OYHQOLUKZRVURQ,linoleic acid,An octadecadienoic acid in which the two double bonds are at positions 9 and 12 and have Z (cis) stereochemistry.,3,CHEBI:42395; CHEBI:6479; CHEBI:25047,"linolic acid; LINOLEIC ACID; Linoleic acid; LA; cis-Delta(9,12)-octadecadienoic acid; cis,cis-linoleic acid; cis,cis-linoleic acid; cis,cis-9,12-octadecadienoic acid; C18:2, n-6,9 all-cis; C18:2 9c, 12c omega6 todos cis-9,12-octadienoico; all-cis-9,12-octadecadienoic acid; acido linoleico; acide linoleique; acide cis-linoleique; 9Z,12Z-octadecadienoic acid; 9-cis,12-cis-Octadecadienoic acid; (Z,Z)-9,12-octadecadienoic acid; (9Z,12Z)-Octadecadienoic acid","(9Z,12Z)-octadeca-9,12-dienoic acid",,,C18H32O2,280.4455,280.2402,0,CCCCC\C=C/C\C=C/CCCCCCCC(O)=O,"InChI=1S/C18H32O2/c1-2-3-4-5-6-7-8-9-10-11-12-13-14-15-16-17-18(19)20/h6-7,9-10H,2-5,8,11-17H2,1H3,(H,19,20)/b7-6-,10-9-",OYHQOLUKZRVURQ-HZJYTTRNSA-N,OYHQOLUKZRVURQ,1727101,60-33-3,57557,1727101,,60-33-3,,,,,,HMDB0000673,C01595,,,C00001224,,LMFA01030120,,LINOLEIC_ACID,,60-33-3,,EIC,,,,,,Linoleic_acid,,,,,,11113630; 11304127; 11322990; 14667063; 14993245; 15115315; 15642793; 15969511; 16254037; 16563718; 17647039; 18044828; 18990554; 19628674; 19936816; 23900039; 24081493; 6205897
CHEBI:17724,FFDGPVCHZBVARC,"N,N-dimethylglycine",An N-methylglycine that is glycine carrying two N-methyl substituents.,3,CHEBI:7077; CHEBI:14173; CHEBI:41993; CHEBI:12426; CHEBI:21455,"N-Methylsarcosine; N,N-Dimethylglycine; N,N-DIMETHYLGLYCINE; N,N-Dimethylaminoacetic acid; Dimethylglycine; 2-(Dimethylamino)acetic acid; (dimethylamino)acetic acid","N,N-dimethylglycine",,,C4H9NO2,103.1198,103.0633,0,CN(C)CC(O)=O,"InChI=1S/C4H9NO2/c1-5(2)3-4(6)7/h3H2,1-2H3,(H,6,7)",FFDGPVCHZBVARC-UHFFFAOYSA-N,FFDGPVCHZBVARC,,1118-68-9,82215,1700261,,1118-68-9,DB02083,,,,,HMDB0000092,C01026,,,,,,,DIMETHYL-GLYCINE,,,,DMG,,,,,,,,,,,,17190852; 21228267; 22418088; 22510294
CHEBI:18314,SNDPXSYFESPGGJ,L-2-aminopentanoic acid,A 2-aminopentanoic acid that has S-configuration.,3,CHEBI:21205; CHEBI:44538; CHEBI:6278; CHEBI:13056,L-norvaline; L-Norvaline; L-2-aminovaleric acid; L-2-Aminovaleric acid; L-2-aminopentanoic acid; L-2-Aminopentanoic acid; (S)-2-Aminopentanoic acid,(2S)-2-aminopentanoic acid,,,C5H11NO2,117.148,117.079,0,C([C@@H](N)CCC)(=O)O,"InChI=1S/C5H11NO2/c1-2-3-4(6)5(7)8/h4H,2-3,6H2,1H3,(H,7,8)/t4-/m0/s1",SNDPXSYFESPGGJ-BYPYZUCNSA-N,SNDPXSYFESPGGJ,,6600-40-4,,1721162,,6600-40-4,,,,,,,C01826,,,,,LMFA01100041,,L-2-AMINOPENTANOIC-ACID,,6600-40-4,,NVA,,,,,,Norvaline,,,,,,24206068; 30288668; 30703532; 31089055; 31540372; 31861122; 32123601; 32149110; 33524560; 35398371; 35543360; 783153
CHEBI:28300,ZDXPYRJPNDTMRX,glutamine,An Î±-amino acid that consists of butyric acid bearing an amino substituent at position 2 and a carbamoyl substituent at position 4.,3,CHEBI:5432; CHEBI:24316,"Hgln; Glutaminsaeure-5-amid; Glutamine; Glutamin; glutamic acid gamma-amide; 2-Aminoglutaramic acid; 2-amino-4-carbamoylbutanoic acid; 2,5-diamino-5-oxopentanoic acid",glutamine,,,C5H10N2O3,146.1446,146.0691,0,NC(CCC(N)=O)C(O)=O,"InChI=1S/C5H10N2O3/c6-3(5(9)10)1-2-4(7)8/h3H,1-2,6H2,(H2,7,8)(H,9,10)",ZDXPYRJPNDTMRX-UHFFFAOYSA-N,ZDXPYRJPNDTMRX,1723795,########,27318,1723795,,########,,,,,,,C00303,,,C00001359,,,,,,,,,,,,,,Glutamine,,,,,,
CHEBI:28364,JAZBEHYOTPTENJ,"all-cis-5,8,11,14,17-icosapentaenoic acid","An icosapentaenoic acid having five cis-double bonds at positions 5, 8, 11, 14 and 17.",3,CHEBI:42328; CHEBI:23901; CHEBI:4764,"Timnodonic acid; Icosapentaenoic acid; EPA; Eicosapentaenoic acid; Eicosapentaenoic acid; cis-Delta(5,8,11,14,17)-eicosapentaenoic acid; cis-5,8,11,14,17-EPA; cis-5,8,11,14,17-eicosapentaenoic acid; cis, cis, cis, cis, cis-eicosa-5,8,11,14,17-pentaenoic acid; all-cis-icosa-5,8,11,14,17-pentaenoic acid; all-cis-5,8,11,14,17-eicosapentaenoic acid; 5,8,11,14,17-Icosapentaenoic acid; 5,8,11,14,17-EICOSAPENTAENOIC ACID; (all-Z)-5,8,11,14,17-eicosapentaenoic acid; (5Z,8Z,11Z,14Z,17Z)-Icosapentaenoic acid; (5Z,8Z,11Z,14Z,17Z)-Eicosapentaenoic acid; (5Z,8Z,11Z,14Z,17Z)-Eicosapentaenoate; (5Z,8Z,11Z,14Z,17Z)-5,8,11,14,17-eicosapentaenoic acid","(5Z,8Z,11Z,14Z,17Z)-icosa-5,8,11,14,17-pentaenoic acid",icosapentum; icosapento; icosapent,,C20H30O2,302.451,302.2246,0,CC\C=C/C\C=C/C\C=C/C\C=C/C\C=C/CCCC(O)=O,"InChI=1S/C20H30O2/c1-2-3-4-5-6-7-8-9-10-11-12-13-14-15-16-17-18-19-20(21)22/h3-4,6-7,9-10,12-13,15-16H,2,5,8,11,14,17-19H2,1H3,(H,21,22)/b4-3-,7-6-,10-9-,13-12-,16-15-",JAZBEHYOTPTENJ-JLNKQSITSA-N,JAZBEHYOTPTENJ,1714433,10417-94-4,,1714433,,10417-94-4,DB00159,,,,,HMDB0001999,C06428,D08061,,C00001215,,LMFA01030759,,EICOSAPENTAENOATE,,,,EPA,,,,,,,,,,,,12549599; 18638380; 19054597; 21118482; 21274596; 23920312; 24108131; 24238887; 24387137; 24389665; 9668087
CHEBI:28875,TUNFSRHWOTWDNC,tetradecanoic acid,"A straight-chain, fourteen-carbon, long-chain saturated fatty acid mostly found in milk fat.",3,CHEBI:278516; CHEBI:44232; CHEBI:73168; CHEBI:26897; CHEBI:7056,tetradecoic acid; Tetradecanoic acid; n-Tetradecoic acid; n-tetradecanoic acid; n-Tetradecan-1-oic acid; Myristinsaeure; Myristic acid; MYRISTIC ACID; Myristic acid; CH3-[CH2]12-COOH; C14; acide tetradecanoique; 14:00; 14:0; 14; 1-tetradecanecarboxylic acid,myristic acid,,,C14H28O2,228.3709,228.2089,0,CCCCCCCCCCCCCC(O)=O,"InChI=1S/C14H28O2/c1-2-3-4-5-6-7-8-9-10-11-12-13-14(15)16/h2-13H2,1H3,(H,15,16)",TUNFSRHWOTWDNC-UHFFFAOYSA-N,TUNFSRHWOTWDNC,508624,544-63-8,242115,508624,,544-63-8,DB08231,,,,,HMDB0000806,C06424,,,C00001228,,LMFA01010014,,CPD-7836,,544-63-8,,MYR,,,,,,Myristic_acid,,,,,,13129458; 19154695; 19761868; 19786012; 19902021; 19955401; 20634506; 20920594; 21955528; 22030224; 27206979; 28600633; 15149689; 16509590; 16554156; 6802973
CHEBI:29019,FBUKVWPVBMHYJY,nonanoic acid,"A C9 straight-chain saturated fatty acid which occurs naturally as esters of the oil of pelargonium. Has antifungal properties, and is also used as a herbicide as well as in the preparation of plasticisers and lacquers.",3,CHEBI:7616; CHEBI:25861,pergonic acid; Pelargonsaeure; Pelargonic acid; pelargon; pelargic acid; nonylic acid; nonoic acid; Nonansaeure; Nonanoic acid; Nonanoate; n-nonanoic acid; n-nonanoic acid; CH3-[CH2]7-COOH; 1-octanecarboxylic acid; 1-nonanoic acid,nonanoic acid,,,C9H18O2,158.238,158.1307,0,CCCCCCCCC(O)=O,"InChI=1S/C9H18O2/c1-2-3-4-5-6-7-8-9(10)11/h2-8H2,1H3,(H,10,11)",FBUKVWPVBMHYJY-UHFFFAOYSA-N,FBUKVWPVBMHYJY,1752351,112-05-0,185341,1752351,1327,112-05-0,,,,,,,C01601,,,C00030829,,LMFA01010009,,CPD-8505,,112-05-0,,,,,,,,Nonanoic_acid,,,,,,11413921; 16124228; 19274268; 20673187
CHEBI:50464,,cis-vaccenic acid,The cis isomer of vaccenic acid.,3,CHEBI:46425; CHEBI:30826,VACCENIC ACID; trans-11-Octadecensaeure; cis-octadec-11-enoic acid; cis-11-octadecenoic acid; asclepic acid; (Z)-octadec-11-enoic acid; (Z)-11-octadecenoic acid,(11Z)-octadec-11-enoic acid,,,C18H34O2,282.4614,282.2559,0,CCCCCC\C=C/CCCCCCCCCC(O)=O,"InChI=1S/C18H34O2/c1-2-3-4-5-6-7-8-9-10-11-12-13-14-15-16-17-18(19)20/h7-8H,2-6,9-17H2,1H3,(H,19,20)/b8-7-",UWHZIFQPPBDJPM-FPLPWBNLSA-N,UWHZIFQPPBDJPM,1726565,506-17-2,,1726565,,506-17-2,,,,,,,,,,,,LMFA01030076,,,,506-17-2,,VCA,,,,,,,,,,,,7050094
CHEBI:65136,,"(4Z,7Z,10Z,13Z,16Z)-docosa-4,7,10,13,16-pentaenoic acid","The all-cis-isomer of a C22 polyunsaturated fatty acid having five double bonds in the 4-, 7-, 10-, 13- and 16-positions. It is a member of n-6 PUFA and a product of linoleic acid metabolism.",3,CHEBI:138671,"DPAn-6; Docosapentaenoic acid (22n-6); C22:5n-6,9,12,15,18; all-cis-docosa-4,7,10,13,16-pentaenoic acid; 4Z,7Z,10Z,13Z,16Z-docosapentaenoic acid; 22:5(4Z,7Z,10Z,13Z,16Z); (All-Z)-4,7,10,13,16-docosapentaenoic acid","(4Z,7Z,10Z,13Z,16Z)-docosa-4,7,10,13,16-pentaenoic acid",,,C22H34O2,330.5042,330.2559,0,CCCCC\C=C/C\C=C/C\C=C/C\C=C/C\C=C/CCC(O)=O,"InChI=1S/C22H34O2/c1-2-3-4-5-6-7-8-9-10-11-12-13-14-15-16-17-18-19-20-21-22(23)24/h6-7,9-10,12-13,15-16,18-19H,2-5,8,11,14,17,20-21H2,1H3,(H,23,24)/b7-6-,10-9-,13-12-,16-15-,19-18-",AVKOENOBFIYBSA-WMPRHZDHSA-N,AVKOENOBFIYBSA,,25448-00-4,,1715090,,25182-74-5,,,,,,HMDB0013123,,,,,,LMFA04000064,,,,,,,,,,,,,,,,,,14643447; 17291553
CHEBI:113451,,sodium ascorbate,An organic sodium salt resulting from the replacement of the proton from the 3-hydroxy group of ascorbic acid by a sodium ion.,3,,"vitamin C, sodium salt; vitamin C sodium; sodium L-ascorbate; monosodium L-ascorbate; L-ascorbic acid, monosodium salt; L-ascorbic acid sodium salt; ascorbic acid sodium salt","sodium (2R)-2-[(1S)-1,2-dihydroxyethyl]-4-hydroxy-5-oxo-2,5-dihydrofuran-3-olate",sodium ascorbate; natrii ascorbas; ascorbate de sodium,,C6H7NaO6,198.106,198.014,0,[Na+].O1C(=O)C(O)=C([O-])[C@]1([C@H](CO)O)[H],"InChI=1S/C6H8O6.Na/c7-1-2(8)5-3(9)4(10)6(11)12-5;/h2,5,7-10H,1H2;/q;+1/p-1/t2-,5+;/m0./s1",PPASLZSBLFJQEF-RXSVEWSESA-M,PPASLZSBLFJQEF,,0134-03-02,,5465157,,0134-03-02,DB14482,,,,,,,D05853,,,,,,,,,,,,,,,,Sodium_ascorbate,,,,,,26386330; 26755225; 26818978; 27011749; 29669302; 30352326; 30902302; 32172678; 33474574; 33573953; 34151070
CHEBI:15356,,cysteine,A sulfur-containing amino acid that is propanoic acid with an amino group at position 2 and a sulfanyl group at position 3.,3,CHEBI:23508; CHEBI:4050; CHEBI:14061,Zystein; Hcys; cysteine; Cysteine; Cystein; Cys; cisteina; C; 2-amino-3-sulfanylpropanoic acid; 2-Amino-3-mercaptopropionic acid; 2-amino-3-mercaptopropanoic acid,cysteine,,,C3H7NO2S,121.1592,121.0198,0,NC(CS)C(O)=O,"InChI=1S/C3H7NO2S/c4-2(1-7)3(5)6/h2,7H,1,4H2,(H,5,6)",XUJNEKJLAYXESH-UHFFFAOYSA-N,XUJNEKJLAYXESH,1721406,3374-22-9,2933,1721406,,3374-22-9,,,,,,,C00736,,,C00007323,,,,,,3374-22-9,,,,,,,,Cysteine,,,,,,17439666; 25181601
CHEBI:16113,HVYWMOMLDIMFJA,cholesterol,"A cholestanoid consisting of cholestane having a double bond at the 5,6-position as well as a 3Î²-hydroxy group.",3,CHEBI:41564; CHEBI:3659; CHEBI:13982; CHEBI:23204,"cholesterol; CHOLESTEROL; Cholesterol; Cholesterin; Cholest-5-en-3beta-ol; (3beta,14beta,17alpha)-cholest-5-en-3-ol",cholest-5-en-3beta-ol,,,C27H46O,386.655,386.3549,0,C1[C@@]2([C@]3(CC[C@]4([C@]([C@@]3(CC=C2C[C@H](C1)O)[H])(CC[C@@]4([C@H](C)CCCC(C)C)[H])[H])C)[H])C,"InChI=1S/C27H46O/c1-18(2)7-6-8-19(3)23-11-12-24-22-10-9-20-17-21(28)13-15-26(20,4)25(22)14-16-27(23,24)5/h9,18-19,21-25,28H,6-8,10-17H2,1-5H3/t19-,21+,22+,23-,24+,25+,26+,27-/m1/s1",HVYWMOMLDIMFJA-DPAQBDIFSA-N,HVYWMOMLDIMFJA,2060565,57-88-5,550297,2060565,,57-88-5,DB04540,,,,,HMDB0000067,C00187,D00040,,C00003648,,LMST01010001,,CHOLESTEROL,,57-88-5,,CLR,,,,,,Cholesterol,,,,,,10901445; 11412894; 16341241; 24287311; 25308664; 25451949; 25522988; 25658343; 25977713; 4696527; 8838010
CHEBI:16704,DRTQHJPVMGBUCF,uridine,A ribonucleoside composed of a molecule of uracil attached to a ribofuranose moiety via a Î²â€’N1-glycosidic bond.,3,CHEBI:46391; CHEBI:46460; CHEBI:46463; CHEBI:46386; CHEBI:9893; CHEBI:15296; CHEBI:27227,"uridine; URIDINE; Uridine; Uridin; Urd; u; beta-Uridine; 1-beta-D-ribofuranosyluracil; 1-beta-D-ribofuranosylpyrimidine-2,4(1H,3H)-dione",uridine,,,C9H12N2O6,244.2015,244.0695,0,OC[C@H]1O[C@H]([C@H](O)[C@@H]1O)n1ccc(=O)[nH]c1=O,"InChI=1S/C9H12N2O6/c12-3-4-6(14)7(15)8(17-4)11-2-1-5(13)10-9(11)16/h1-2,4,6-8,12,14-15H,3H2,(H,10,13,16)/t4-,6-,7-,8-/m1/s1",DRTQHJPVMGBUCF-XVFCMESISA-N,DRTQHJPVMGBUCF,754904,58-96-8,397474,754904,,58-96-8,DB02745,,ECMDB00296,,,HMDB0000296,C00299,,,C00019674,,,,URIDINE,,,,URI,,,,,,Uridine,YMDB00127,,,,,12084455; 15621516; 16839635; 17190852; 22392515; 22770225
CHEBI:16708,GFFGJBXGBJISGV,adenine,"The parent compound of the 6-aminopurines, composed of a purine having an amino group at C-6.",3,CHEBI:40579; CHEBI:2470; CHEBI:13733; CHEBI:22236,adenine; ADENINE; Adenine; Adenin; Ade; A; 6-Aminopurine,9H-purin-6-amine,,,C5H5N5,135.1269,135.0545,0,Nc1ncnc2[nH]cnc12,"InChI=1S/C5H5N5/c6-4-3-5(9-1-7-3)10-2-8-4/h1-2H,(H3,6,7,8,9,10)",GFFGJBXGBJISGV-UHFFFAOYSA-N,GFFGJBXGBJISGV,608603,73-24-5,3903,608603,,73-24-5,DB00173,,,,,HMDB0000034,C00147,D00034,,C00001490,,,,ADENINE,,73-24-5,,ADE,,,,,,Adenine,,,,,,11985597; 12829005; 12951489; 15063338; 15715490; 17439666; 8070089
CHEBI:16811,FFEARJCKVFRZRR,methionine,A sulfur-containing amino acid that is butyric acid bearing an amino substituent at position 2 and a methylthio substituent at position 4.,3,CHEBI:6829; CHEBI:25229; CHEBI:14590,Racemethionine; metionina; methionine; Methionine; Methionin; Met; M; Hmet; DL-Methionine; alpha-amino-gamma-methylmercaptobutyric acid; 2-Amino-4-(methylthio)butyric acid; 2-amino-4-(methylthio)butanoic acid; 2-amino-4-(methylsulfanyl)butanoic acid,methionine,,,C5H11NO2S,149.2124,149.0511,0,CSCCC(N)C(O)=O,"InChI=1S/C5H11NO2S/c1-9-3-2-4(6)5(7)8/h4H,2-3,6H2,1H3,(H,7,8)",FFEARJCKVFRZRR-UHFFFAOYSA-N,FFEARJCKVFRZRR,636185,59-51-8,3117,636185,,59-51-8,,,,,,,C01733,D04983,,,,,,,,59-51-8,,,,,,,,Methionine,,,,,,16702333; 22264337; 2543976
CHEBI:17148,KIDHWZJUCRJVML,putrescine,"A four-carbon alkane-Î±,Ï‰-diamine. It is obtained by the breakdown of amino acids and is responsible for the foul odour of putrefying flesh.",3,CHEBI:45092; CHEBI:8650; CHEBI:14972; CHEBI:26405,"Tetramethylenediamine; Tetramethylendiamin; Putreszin; Putrescine; putrescina; Putrescin; H2N(CH2)4NH2; butylenediamine; Butane-1,4-diamine; 1,4-tetramethylenediamine; 1,4-DIAMINOBUTANE; 1,4-butylenediamine; 1,4-Butanediamine","butane-1,4-diamine",,,C4H12N2,88.1515,88.10005,0,NCCCCN,InChI=1S/C4H12N2/c5-3-1-2-4-6/h1-6H2,KIDHWZJUCRJVML-UHFFFAOYSA-N,KIDHWZJUCRJVML,605282,110-60-1,1715,605282,1393,110-60-1,DB01917,,ECMDB01414,,,HMDB0001414,C00134,,,C00001428,,,,PUTRESCINE,,110-60-1,,PUT,,,,,,Putrescine,YMDB00132,,,,,12053479; 15453685; 16346523; 18721677; 22735334; 24331418; 24820075; 24864091
CHEBI:17268,CDAISMWEOUEBRE,myo-inositol,An inositol having myo- configuration.,3,CHEBI:43559; CHEBI:10601; CHEBI:12826; CHEBI:12831; CHEBI:25451,"Myoinositol; myo-inositol; myo-Inositol; meso-Inositol; Meat sugar; L-myo-Inositol; Ins; Inositol; inosite; i-inositol; Dambose; D-myo-Inositol; Cyclohexitol; cis-1,2,3,5-trans-4,6-cyclohexanehexol; Bios I; 1L-myo-Inositol; 1D-myo-Inositol; 1,2,3,5/4,6-cyclohexanehexol; 1,2,3,4,5,6-HEXAHYDROXY-CYCLOHEXANE; (1r,2R,3S,4s,5R,6S)-cyclohexane-1,2,3,4,5,6-hexol",myo-inositol,,,C6H12O6,180.1559,180.0634,0,O[C@H]1[C@H](O)[C@@H](O)[C@H](O)[C@H](O)[C@@H]1O,"InChI=1S/C6H12O6/c7-1-2(8)4(10)6(12)5(11)3(1)9/h1-12H/t1-,2-,3-,4+,5-,6-",CDAISMWEOUEBRE-GPIVLXJGSA-N,CDAISMWEOUEBRE,1907329,87-89-8,82918,1907329,,87-89-8,DB03106,,,,,HMDB0000211,C00137,D08079,,C00001164,,,,MYO-INOSITOL,,87-89-8,,INS,,,,,,Inositol,,,,,,11034685; 11244303; 11323092; 11772411; 12478879; 12832083; 14583919; 14681857; 15181167; 15295080; 15558078; 16410747; 1694860; 17439666; 17722064; 18650262; 18854045; 19097871; 19383710; 22285975; 22461977; 22517104; 838172
CHEBI:17368,FDGQSTZJBFJUBT,hypoxanthine,A purine nucleobase that consists of purine bearing an oxo substituent at position 6.,3,CHEBI:24762; CHEBI:43237; CHEBI:5841; CHEBI:14431,Purine-6-ol; purin-6(1H)-one; hypoxanthine; HYPOXANTHINE; Hypoxanthine; Hyp; 9H-purin-6(1H)-one; 6-oxopurine; 6(1H)-purinone,"1,7-dihydro-6H-purin-6-one",,,C5H4N4O,136.1116,136.0385,0,O=c1[nH]cnc2nc[nH]c12,"InChI=1S/C5H4N4O/c10-5-3-4(7-1-6-3)8-2-9-5/h1-2H,(H2,6,7,8,9,10)",FDGQSTZJBFJUBT-UHFFFAOYSA-N,FDGQSTZJBFJUBT,5811,68-94-0,464558,5811,,68-94-0,DB04076,,ECMDB00157,,,HMDB0000157,C00262,,,C00001502,,,,HYPOXANTHINE,,68-94-0,,HPA,,,,,,Hypoxanthine,YMDB00555,,,,,14253484; 1557408; 22735334; 23400363; 23670363; 8016081
CHEBI:18127,VHRGRCVQAFMJIZ,cadaverine,"An alkane-Î±,Ï‰-diamine comprising a straight-chain pentane core with amino substitutents at positions 1 and 5. A colourless syrupy liquid diamine with a distinctive unpleasant odour, it is a homologue of putresceine and is formed by the bacterial decarboxylation of lysine that occurs during protein hydrolysis during putrefaction of animal tissue. It is also found in plants such as soyabean.",3,CHEBI:44370; CHEBI:3288; CHEBI:13928; CHEBI:22974,"PENTANE-1,5-DIAMINE; Pentamethylenediamine; DAPE; Cadaverine; 1,5-Pentanediamine; 1,5-pentamethylenediamine; 1,5-Diaminopentane","pentane-1,5-diamine",,,C5H14N2,102.1781,102.1157,0,NCCCCCN,InChI=1S/C5H14N2/c6-4-2-1-3-5-7/h1-7H2,VHRGRCVQAFMJIZ-UHFFFAOYSA-N,VHRGRCVQAFMJIZ,1697256,462-94-2,2310,1697256,,462-94-2,DB03854,,,,,HMDB0002322,C01672,,,C00001403,,,,CADAVERINE,,462-94-2,,N2P,,,,,,Cadaverine,,,,,,10930630; 11397445; 11517436; 16346523; 16668466; 17439666; 23561112; 23794626; 23811038; 23887488
CHEBI:18257,AHLPHDHHMVZTML,ornithine,An Î±-amino acid that is pentanoic acid bearing two amino substituents at positions 2 and 5.,3,CHEBI:7784,"Ornithine; Orn; DL-Ornithine; 2,5-Diaminovaleric acid; 2,5-Diaminopentanoic acid","ornithine; 2,5-diaminopentanoic acid",,,C5H12N2O2,132.1611,132.0899,0,NCCCC(N)C(O)=O,"InChI=1S/C5H12N2O2/c6-3-1-2-4(7)5(8)9/h4H,1-3,6-7H2,(H,8,9)",AHLPHDHHMVZTML-UHFFFAOYSA-N,AHLPHDHHMVZTML,1722296,0616-07-09,847696,1722296,,0616-07-09,,,,,,,C01602,,,C00001384,,,,,,,,,,,,,,,,,,,,15449570; 17190852; 22264337
CHEBI:28125,MBMBGCFOFBJSGT,"all-cis-docosa-4,7,10,13,16,19-hexaenoic acid","A docosahexaenoic acid having six cis-double bonds at positions 4, 7, 10, 13, 16 and 19.",3,CHEBI:43162; CHEBI:4673; CHEBI:23857,"Docosahexaenoic acid; Docosahexaenoic acid; docosa-4,7,10,13,16,19-hexaenoic acid; DOCOSA-4,7,10,13,16,19-HEXAENOIC ACID; Doconexent; DHA; cervonic acid; all-cis-DHA; all-cis-4,7,10,13,16,19-docosahexaenoic acid; 4,7,10,13,16,19-Docosahexaenoic acid; 4,7,10,13,16,19-docosahexaenoic acid; 22:6-4, 7,10,13,16,19; 22:6(n-3); (4Z,7Z,10Z,13Z,16Z,19Z)-Docosahexaenoic acid","(4Z,7Z,10Z,13Z,16Z,19Z)-docosa-4,7,10,13,16,19-hexaenoic acid",,,C22H32O2,328.489,328.2402,0,C(\C/C=C\C/C=C\C/C=C\CC)=C\C/C=C\C/C=C\CCC(=O)O,"InChI=1S/C22H32O2/c1-2-3-4-5-6-7-8-9-10-11-12-13-14-15-16-17-18-19-20-21-22(23)24/h3-4,6-7,9-10,12-13,15-16,18-19H,2,5,8,11,14,17,20-21H2,1H3,(H,23,24)/b4-3-,7-6-,10-9-,13-12-,16-15-,19-18-",MBMBGCFOFBJSGT-KUBAVDMBSA-N,MBMBGCFOFBJSGT,1715505,6217-54-5,,1715505,,6217-54-5,DB03756,,,,,HMDB0002183,C06429,,,,,LMFA01030185,,CPD-10244,,,,HXA,,,,,,Docosahexaenoic_acid,,,,,,12359365; 12538082; 17291553; 18072818; 18220672; 21045096
CHEBI:28716,SECPZKHBENQXJG,palmitoleic acid,A hexadec-9-enoic acid in which the double bond at position C-9 has cis configuration.,3,CHEBI:7897; CHEBI:44696; CHEBI:25836,Zoomeric acid; zoomaric acid; palmitolinoleic acid; Palmitoleic acid; Palmitoleic acid; PALMITOLEIC ACID; Oleopalmitic acid; cis-Palmitoleic acid; cis-Delta(9)-hexadecenoic acid; cis-delta-9-Hexadecenoic acid; cis-9-Palmitoleic acid; cis-9-Hexadecenoic acid; 9-cis-hexadecenoic acid; 16:1Delta9; (Z)-hexadec-9-enoic acid; (Z)-9-hexadecenoic acid; (9Z)-Hexadecenoic acid,(9Z)-hexadec-9-enoic acid,,,C16H30O2,254.409,254.2246,0,C(CCCCCCC/C=C\CCCCCC)(=O)O,"InChI=1S/C16H30O2/c1-2-3-4-5-6-7-8-9-10-11-12-13-14-15-16(17)18/h7-8H,2-6,9-15H2,1H3,(H,17,18)/b8-7-",SECPZKHBENQXJG-FPLPWBNLSA-N,SECPZKHBENQXJG,1725389,373-49-9,,1725389,,373-49-9,DB04257,,,,,HMDB0003229,C08362,,,C00029354,,LMFA01030056,,,,373-49-9,,PAM,,,,,,,,,,,,19761868; 24362891
CHEBI:28842,QIQXTHQIDYTFRH,octadecanoic acid,"A C18 straight-chain saturated fatty acid component of many animal and vegetable lipids. As well as in the diet, it is used in hardening soaps, softening plastics and in making cosmetics, candles and plastics.",3,CHEBI:45710; CHEBI:25631,Stearinsaeure; stearic acid; STEARIC ACID; Oktadekansaeure; octadecoic acid; Octadecansaeure; Octadecanoic acid; n-octadecanoic acid; CH3-[CH2]16-COOH; C18:0; acide stearique; acide octadecanoique; 18:0,octadecanoic acid,,,C18H36O2,284.478,284.2715,0,C(CCCCCCCCCC)CCCCCCC(=O)O,"InChI=1S/C18H36O2/c1-2-3-4-5-6-7-8-9-10-11-12-13-14-15-16-17-18(19)20/h2-17H2,1H3,(H,19,20)",QIQXTHQIDYTFRH-UHFFFAOYSA-N,QIQXTHQIDYTFRH,608585,57-11-4,11738,608585,,57-11-4,DB03193,,,,,HMDB0000827,C01530,D00119,,C00001238,,LMFA01010018,,STEARIC_ACID,,57-11-4,,STE,,,,,,Stearic_acid,,,,,,11425337; 16448636; 17439666; 18982377; 19468063; 19838949; 22735334; 26884207; 7763343
CHEBI:42504,WQEPLUUGTLDZJY,pentadecanoic acid,A straight-chain saturated fatty acid containing fifteen-carbon atoms.,3,CHEBI:39108; CHEBI:42502,Pentadecylic acid; pentadecylic acid; PENTADECANOIC ACID; n-Pentadecanoic acid; n-pentadecanoic acid; C15:0; C15; 15:00,pentadecanoic acid,,,C15H30O2,242.3975,242.2246,0,CCCCCCCCCCCCCCC(O)=O,"InChI=1S/C15H30O2/c1-2-3-4-5-6-7-8-9-10-11-12-13-14-15(16)17/h2-14H2,1H3,(H,16,17)",WQEPLUUGTLDZJY-UHFFFAOYSA-N,WQEPLUUGTLDZJY,1773831,1002-84-2,,1773831,,1002-84-2,,,,,,HMDB0000826,C16537,,,C00007423,,LMFA01010015,,,,1002-84-2,,F15,,,,,,Pentadecanoic_acid,,,,,,23442377; 24930002
CHEBI:2295,,7alpha -hydroxytestosterone,An androstanoid that is testosterone substituted by a Î±-hydroxy group at position 7. A natural product found in Daphnia magna exposed to the biocide tributyltin,3,CHEBI:83026,,"7alpha,17beta-dihydroxyandrost-4-en-3-one",,,C19H28O3,304.4238,304.2038,0,C[C@]12CC[C@H]3[C@H]([C@@H]1CC[C@@H]2O)[C@H](O)CC1=CC(=O)CC[C@]31C,"InChI=1S/C19H28O3/c1-18-7-5-12(20)9-11(18)10-15(21)17-13-3-4-16(22)19(13,2)8-6-14(17)18/h9,13-17,21-22H,3-8,10H2,1-2H3/t13-,14-,15+,16-,17-,18-,19-/m0/s1",RNCGWYKXAJCOLD-JUKXBMAYSA-N,RNCGWYKXAJCOLD,,62-83-9,,2625821,,,,,,,,HMDB0003956,C05291,,,,,,,,,,,,,,,,,,,,,,,1175644; 20016029; 8914833
CHEBI:34161,,15alpha-hydroxytestosterone,An androstanoid that is testosterone substituted by a Î±-hydroxy group at position 15. A natural product found in Daphnia magna exposed to the biocide tributyltin.,3,CHEBI:83028,"15-alpha,17-beta-dihydroxyandrost-4-en-3-one","15alpha,17beta-dihydroxyandrost-4-en-3-one",,,C19H28O3,304.4238,304.2038,0,C[C@]12CC[C@H]3[C@@H](CCC4=CC(=O)CC[C@]34C)[C@@H]1[C@@H](O)C[C@@H]2O,"InChI=1S/C19H28O3/c1-18-7-5-12(20)9-11(18)3-4-13-14(18)6-8-19(2)16(22)10-15(21)17(13)19/h9,13-17,21-22H,3-8,10H2,1-2H3/t13-,14+,15+,16+,17-,18+,19-/m1/s1",KYGUQDTWUBBBSD-MJVYMRHDSA-N,KYGUQDTWUBBBSD,,2226-70-2,,2419711,,,,,,,,,C14649,,,,,,,,,,,,,,,,,,,,,,,9419269
CHEBI:15354,OEYIOHPDSNJKLS,choline,"A choline that is the parent compound of the cholines class, consisting of ethanolamine having three methyl substituents attached to the amino function.",3,CHEBI:41524; CHEBI:3665; CHEBI:13985; CHEBI:23212,"trimethylethanolamine; N-trimethylethanolamine; N,N,N-trimethylethanol-ammonium; CHOLINE ION; choline; Choline; Bilineurine","2-hydroxy-N,N,N-trimethylethanaminium",,,C5H14NO,104.1708,104.107,1,C[N+](C)(C)CCO,"InChI=1S/C5H14NO/c1-6(2,3)4-5-7/h7H,4-5H2,1-3H3/q+1",OEYIOHPDSNJKLS-UHFFFAOYSA-N,OEYIOHPDSNJKLS,1736748,62-49-7,324597,1736748,,62-49-7,DB00122,,ECMDB00097,,,HMDB0000097,C00114,D07690,,C00007298,,,,CHOLINE,,,,CHT,,,,,,Choline,YMDB00227,,,,,10930630; 12826235; 12946691; 14972364; 16210714; 17087106; 17283071; 17344490; 18204095; 18230680; 18786517; 18786520; 19246089; 20038853; 20446114; 22770225; 22961562; 23095202; 23616508; 23637565; 23733158; 6420466; 7590654; 9517478
CHEBI:15428,DHMQDGOQFOQNFH,glycine,"The simplest (and the only achiral) proteinogenic amino acid, with a hydrogen atom as its side chain.",3,CHEBI:14344; CHEBI:42964; CHEBI:5460; CHEBI:10792; CHEBI:24368,Leimzucker; Hgly; H2N-CH2-COOH; Glyzin; Glykokoll; Glycocoll; GLYCINE; Glycine; Glycin; Gly; G; aminoethanoic acid; aminoethanoic acid; Aminoessigsaeure; Aminoacetic acid,glycine; aminoacetic acid,,,C2H5NO2,75.06664,75.03203,0,NCC(O)=O,"InChI=1S/C2H5NO2/c3-1-2(4)5/h1,3H2,(H,4,5)",DHMQDGOQFOQNFH-UHFFFAOYSA-N,DHMQDGOQFOQNFH,635782,56-40-6,1808,635782,,56-40-6,DB00145,,ECMDB00123,,,HMDB0000123,C00037,D00011,,C00001361,,,,GLY,,56-40-6,,GLY,,,,,,Glycine,YMDB00016,,,,,10930630; 11019925; 11174716; 11542461; 11806864; 12631515; 12754315; 12770151; 12921899; 15331688; 15388434; 15710237; 16105183; 16151895; 16214212; 16417482; 16444815; 16664855; 16901953; 16918424; 16986325; 16998855; 17154252; 17383967; 17582620; 17970719; 18079355; 18396796; 18440992; 18593588; 18816054; 18840508; 19028609; 19120667; 19449910; 19526731; 19544666; 19738917; 19916621; 19924257; 21751272; 22044190; 22079563; 22234938; 22264337; 22293292; 22401276; 22434786
CHEBI:16196,ZQPPMHVWECSIRJ,oleic acid,An octadec-9-enoic acid in which the double bond at C-9 has Z (cis) stereochemistry.,3,CHEBI:44741; CHEBI:104361; CHEBI:7741; CHEBI:25664,Oelsaeure; OLEIC ACID; Oleic acid; Oleate; Oelsaeure; Octadec-9-enoic acid; FA 18:1; cis-oleic acid; cis-Delta(9)-octadecenoic acid; cis-9-octadecenoic acid; C18:1 n-9; 18:1Delta9cis; 18:1 n-9; (Z)-Octadec-9-enoic acid; (9Z)-Octadecenoic acid,(9Z)-octadec-9-enoic acid,,,C18H34O2,282.4614,282.2559,0,CCCCCCCC\C=C/CCCCCCCC(O)=O,"InChI=1S/C18H34O2/c1-2-3-4-5-6-7-8-9-10-11-12-13-14-15-16-17-18(19)20/h9-10H,2-8,11-17H2,1H3,(H,19,20)/b10-9-",ZQPPMHVWECSIRJ-KTKRTIGZSA-N,ZQPPMHVWECSIRJ,1726542,112-80-1,57556,1726542,,112-80-1,DB04224,,ECMDB21348,,,HMDB0000207,C00712,D02315,,C00001232,,LMFA01030002,,,,112-80-1,,OLA,,,,,,Oleic_acid,,,,,,11304127; 15325315; 15723125; 18772370; 19761868; 23844805; 24819471; 25584012; 25794012; 5332408; 6205897
CHEBI:16199,,urea,A carbonyl group with two C-bound amine groups. The commercially available fertilizer has an analysis of 46-0-0 (N-P2O5-K2O).,3,CHEBI:46379; CHEBI:9888; CHEBI:15292; CHEBI:27218,uree; urea; UREA; Urea; ur; Karbamid; Harnstoff; H2NC(O)NH2; E927b; carbonyldiamide; Carbamide; 1728,urea,carbamide,,CH4N2O,60.05534,60.03236,0,NC(N)=O,"InChI=1S/CH4N2O/c2-1(3)4/h(H4,2,3,4)",XSQUKJJJFZCRTK-UHFFFAOYSA-N,XSQUKJJJFZCRTK,635724,57-13-6,1378,635724,,57-13-6,DB03904,,ECMDB04172,,,HMDB0000294,C00086,D00023,,C00007314,,,,UREA,,57-13-6,,URE,,1728,,,,Urea,YMDB00003,,,,,18037357; 22770225
CHEBI:16335,OIRDTQYFTABQOQ,adenosine,A ribonucleoside composed of a molecule of adenine attached to a ribofuranose moiety via a Î²â€’N9-glycosidic bond.,3,CHEBI:2472; CHEBI:40558; CHEBI:40825; CHEBI:40906; CHEBI:40911; CHEBI:13734; CHEBI:22237,"Desoxyadenosine; Deoxyadenosine; beta-D-Adenosine; Ado; Adenyldeoxyriboside; adenosine; Adenosine; ADENOSINE; Adenosin; Adenine Deoxyribonucleoside; Ade-Rib; 9-beta-D-Ribofuranosyl-9H-purin-6-amine; 9-beta-D-ribofuranosyl-9H-purin-6-amine; 9-beta-D-Ribofuranosidoadenine; 6-Amino-9-beta-D-ribofuranosyl-9H-purine; (2R,3R,4S,5R)-2-(6-aminopurin-9-yl)-5-(hydroxymethyl)oxolane-3,4-diol",adenosine,,Adenoscan; Adenocor; Adenocard,C10H13N5O4,267.2415,267.0968,0,Nc1ncnc2n(cnc12)[C@@H]1O[C@H](CO)[C@@H](O)[C@H]1O,"InChI=1S/C10H13N5O4/c11-8-5-9(13-2-12-8)15(3-14-5)10-7(18)6(17)4(1-16)19-10/h2-4,6-7,10,16-18H,1H2,(H2,11,12,13)/t4-,6-,7-,10-/m1/s1",OIRDTQYFTABQOQ-KQYNXXCUSA-N,OIRDTQYFTABQOQ,93029,58-61-7,53385,93029,,58-61-7,DB00640,,ECMDB00050,,,HMDB0000050,C00212,D00045,,C00007444,LSM-28568,,,ADENOSINE,,58-61-7,,ADN,,,,,,Adenosine,YMDB00058,,,,,11213237; 11820865; 11978011; 16183671; 16917093; 17190852; 18000974; 323854
CHEBI:17568,ISAKRJDGNUQOIC,uracil,"A common and naturally occurring pyrimidine nucleobase in which the pyrimidine ring is substituted with two oxo groups at positions 2 and 4. Found in RNA, it base pairs with adenine and replaces thymine during DNA transcription.",3,CHEBI:46375; CHEBI:9882; CHEBI:15288; CHEBI:27210,"Urazil; uracil; URACIL; Uracil; Ura; U; 2,4-Pyrimidinedione; 2,4-Dioxopyrimidine; 2,4(1H,3H)-pyrimidinedione","pyrimidine-2,4(1H,3H)-dione",,,C4H4N2O2,112.0868,112.0273,0,O=c1cc[nH]c(=O)[nH]1,"InChI=1S/C4H4N2O2/c7-3-1-2-5-4(8)6-3/h1-2H,(H2,5,6,7,8)",ISAKRJDGNUQOIC-UHFFFAOYSA-N,ISAKRJDGNUQOIC,606623,66-22-8,2896,606623,,66-22-8,DB03419,,,,,HMDB0000300,C00106,D00027,,C00001513,,,,URACIL,,66-22-8,,URA,,,,,,Uracil,,,,,,11279060; 12855717; 15274295; 16834123; 17439666; 18533995; 18815805; 19175333; 22020693; 22074393; 22120518; 22171528; 22237209; 22299724; 22356544; 22447672; 22483865; 22567906; 22685418; 3654008
CHEBI:17310,RADKZDMFGJYCBB,pyridoxal,"A pyridinecarbaldehyde that is pyridine-4-carbaldehyde bearing methyl, hydroxy and hydroxymethyl substituents at positions 2, 3 and 5 respectively. The 4-carboxyaldehyde form of vitamin B6, it is converted into pyridoxal phosphate, a coenzyme for the synthesis of amino acids, neurotransmitters, sphingolipids and aminolevulinic acid.",3,CHEBI:14976; CHEBI:45112; CHEBI:8667; CHEBI:26423,pyridoxaldehyde; pyridoxal; Pyridoxal; 3-HYDROXY-5-(HYDROXYMETHYL)-2-METHYLISONICOTINALDEHYDE,3-hydroxy-5-(hydroxymethyl)-2-methylpyridine-4-carbaldehyde,,,C8H9NO3,167.162,167.0582,0,[H]C(=O)c1c(CO)cnc(C)c1O,"InChI=1S/C8H9NO3/c1-5-8(12)7(4-11)6(3-10)2-9-5/h2,4,10,12H,3H2,1H3",RADKZDMFGJYCBB-UHFFFAOYSA-N,RADKZDMFGJYCBB,383768,66-72-8,218674,383768,,66-72-8,DB00147,,,,,HMDB0001545,C00250,,,C00007509,,,,PYRIDOXAL,,,,PXL,,,,,,Pyridoxal,,,,,,12001008; 150790; 1621875; 16495081; 16710308; 17765195; 20381632; 22770225; 23801094; 24365359; 31915818; 3663392; 4051187; 433818; 6853710; 7159754; 7440576; 8116826
CHEBI:81767,,imibenconazole,"A member of the class of imidothioates that is the S-4-chlorobenzyl thioester of N-(2,4-dichlorophenyl)-2-(1H-1,2,4-triazol-1-yl)ethanimidothioic acid. Used to control a range of fungal diseases affecting fruit, vegetables, turf and ornamentals. It has a low mammalian toxicity and shows a moderate level of toxicity to fish, daphnia and earthworms but is relatively non-toxic to honey bees, birds and algae.",3,,"HF 8505; HF 6305; 4-chlorobenzyl N-2,4-dichlorophenyl-2-(1H-1,2,4-triazol-1-yl)thioacetamidate; (4-chlorophenyl)methyl N-(2,4-dichlorophenyl)-1H-1,2,4-triazole-1-ethanimidothioate","4-chlorobenzyl N-(2,4-dichlorophenyl)-2-(1H-1,2,4-triazol-1-yl)ethanimidothioate",,Manage,C17H13Cl3N4S,411.73,409.9927,0,C1=C(C=CC(=C1)CSC(CN2N=CN=C2)=NC3=C(C=C(C=C3)Cl)Cl)Cl,"InChI=1S/C17H13Cl3N4S/c18-13-3-1-12(2-4-13)9-25-17(8-24-11-21-10-22-24)23-16-6-5-14(19)7-15(16)20/h1-7,10-11H,8-9H2",AGKSTYPVMZODRV-UHFFFAOYSA-N,AGKSTYPVMZODRV,,86598-92-7,,11339125,,86598-92-7,,,,,,,C18468,,,,,,,,,86598-92-7,,,imibenconazole,1026,,,,,,IND89018447,,,,22289359
